2026-09-23T05:55:33.187Z === batch start: 3 products ===
2026-09-23T05:55:33.188Z --- red-and-orange-with-gold-zari-accents-saree-mu2h1mid (Red And Orange With Gold Zari Accents Saree)
2026-09-23T05:56:47.244Z     DONE: 4 renders in 74s
2026-09-23T05:56:49.246Z --- crimson-with-gold-zari-accents-saree-mu2h205p (Crimson With Gold Zari Accents Saree)
2026-09-23T05:58:00.673Z     DONE: 4 renders in 71s
2026-09-23T05:58:02.674Z --- gold-and-red-saree-mu2h27v9 (Gold And Red Saree)
2026-09-23T05:59:19.688Z     DONE: 4 renders in 77s
2026-09-23T05:59:21.689Z === batch end: 3 complete / 0 partial / 0 failed ===
2026-09-23T06:00:01.191Z === batch start: 122 products ===
2026-09-23T06:00:01.192Z --- pink-and-deep-red-with-gold-zari-accents-saree-mu2h3702 (Pink And Deep Red With Gold Zari Accents Saree)
2026-09-23T06:01:03.302Z     DONE: 4 renders in 62s
2026-09-23T06:01:05.304Z --- teal-with-gold-zari-accents-saree-mu2h2ey6 (Teal With Gold Zari Accents Saree)
2026-09-23T06:05:24.429Z === batch start: 120 products ===
2026-09-23T06:05:24.430Z --- brown-with-gold-zari-accents-saree-mu2h2loj (Brown With Gold Zari Accents Saree)
2026-09-23T06:06:34.089Z     DONE: 4 renders in 70s
2026-09-23T06:06:36.090Z --- orange-with-gold-zari-accents-saree-mu2h2sns (Orange With Gold Zari Accents Saree)
2026-09-23T06:07:51.172Z     DONE: 4 renders in 75s
2026-09-23T06:07:53.174Z --- pink-and-orange-with-gold-zari-accents-saree-mu2h2zt2 (Pink And Orange With Gold Zari Accents Saree)
2026-09-23T06:09:06.693Z     DONE: 4 renders in 74s
2026-09-23T06:09:08.695Z --- tan-with-silver-zari-accents-saree-mu2h3e9d (Tan With Silver Zari Accents Saree)
2026-09-23T06:10:10.022Z     DONE: 4 renders in 61s
2026-09-23T06:10:12.023Z --- deep-green-and-gold-saree-mu2h3lpm (Deep Green And Gold Saree)
2026-09-23T06:11:16.334Z     DONE: 4 renders in 64s
2026-09-23T06:11:18.336Z --- orange-and-gold-saree-mu2h3uj8 (Orange And Gold Saree)
2026-09-23T06:12:28.857Z     DONE: 4 renders in 71s
2026-09-23T06:12:30.858Z --- maroon-and-orange-with-gold-zari-accents-saree-mu2h42x0 (Maroon And Orange With Gold Zari Accents Saree)
2026-09-23T06:13:39.385Z     DONE: 4 renders in 69s
2026-09-23T06:13:41.385Z --- crimson-and-tan-with-gold-zari-accents-saree-mu2h4a2q (Crimson And Tan With Gold Zari Accents Saree)
2026-09-23T06:14:49.217Z     DONE: 4 renders in 68s
2026-09-23T06:14:51.218Z --- crimson-and-orange-with-gold-zari-accents-saree-mu2h4hco (Crimson And Orange With Gold Zari Accents Saree)
2026-09-23T06:16:10.865Z     DONE: 4 renders in 80s
2026-09-23T06:16:12.865Z --- royal-blue-and-orange-with-gold-zari-accents-saree-mu2h4nzi (Royal Blue And Orange With Gold Zari Accents Saree)
2026-09-23T06:17:21.152Z     DONE: 4 renders in 68s
2026-09-23T06:17:23.153Z --- teal-with-gold-zari-accents-saree-mu2h4vkc (Teal With Gold Zari Accents Saree)
2026-09-23T06:18:21.645Z     DONE: 4 renders in 58s
2026-09-23T06:18:23.646Z --- yellow-and-orange-with-gold-zari-accents-saree-mu2h53ux (Yellow And Orange With Gold Zari Accents Saree)
2026-09-23T06:19:29.814Z     DONE: 4 renders in 66s
2026-09-23T06:19:31.814Z --- gold-and-green-saree-mu2h5at6 (Gold And Green Saree)
2026-09-23T06:20:33.320Z     DONE: 4 renders in 62s
2026-09-23T06:20:35.322Z --- orange-and-crimson-with-gold-zari-accents-saree-mu2h5hfv (Orange And Crimson With Gold Zari Accents Saree)
2026-09-23T06:21:37.975Z     DONE: 4 renders in 63s
2026-09-23T06:21:39.977Z --- pink-and-gold-saree-mu2h5nzb (Pink And Gold Saree)
2026-09-23T06:22:50.949Z     DONE: 4 renders in 71s
2026-09-23T06:22:52.950Z --- orange-and-brown-with-silver-zari-accents-saree-mu2h6oae (Orange And Brown With Silver Zari Accents Saree)
2026-09-23T06:23:55.879Z     DONE: 4 renders in 63s
2026-09-23T06:23:57.880Z --- pink-and-crimson-with-gold-zari-accents-saree-mu2h6vde (Pink And Crimson With Gold Zari Accents Saree)
2026-09-23T06:24:57.450Z     DONE: 4 renders in 60s
2026-09-23T06:24:59.450Z --- orange-and-gold-saree-mu2h5x2e (Orange And Gold Saree)
2026-09-23T06:26:01.771Z     DONE: 4 renders in 62s
2026-09-23T06:26:03.772Z --- magenta-with-gold-zari-accents-saree-mu2h7ho5 (Magenta With Gold Zari Accents Saree)
2026-09-23T06:26:59.578Z     DONE: 4 renders in 56s
2026-09-23T06:27:01.579Z --- orange-with-gold-zari-accents-saree-mu2h63o9 (Orange With Gold Zari Accents Saree)
2026-09-23T06:28:02.912Z     DONE: 4 renders in 61s
2026-09-23T06:28:04.913Z --- pink-and-gold-saree-mu2h7pbt (Pink And Gold Saree)
2026-09-23T06:29:20.394Z     DONE: 4 renders in 75s
2026-09-23T06:29:22.395Z --- pink-with-gold-zari-accents-saree-mu2h6aor (Pink With Gold Zari Accents Saree)
2026-09-23T06:30:17.965Z     DONE: 4 renders in 56s
2026-09-23T06:30:19.966Z --- mustard-yellow-and-brown-with-gold-zari-accents-saree-mu2h1f (Mustard Yellow And Brown With Gold Zari Accents Saree)
2026-09-23T06:31:41.312Z     DONE: 4 renders in 81s
2026-09-23T06:31:43.313Z --- orange-and-brown-with-gold-zari-accents-saree-mu2h6h7h (Orange And Brown With Gold Zari Accents Saree)
2026-09-23T06:32:41.067Z     DONE: 4 renders in 58s
2026-09-23T06:32:43.068Z --- green-with-gold-zari-accents-saree-mu2h7456 (Green With Gold Zari Accents Saree)
2026-09-23T06:33:21.594Z === batch start: 0 products ===
2026-09-23T06:33:21.595Z === batch end: 0 complete / 0 partial / 0 failed ===
2026-09-23T06:33:44.041Z     attempt 2 failed: <!DOCTYPE html><html><head><meta charSet="utf-8" data-next-head=""/><meta name="viewport" content="width=device-width" data-next-head=""/><style data-next-hide-fouc="true">body{display:none}</style><n
2026-09-23T06:33:49.060Z     attempt 3 failed: <!DOCTYPE html><html><head><meta charSet="utf-8" data-next-head=""/><meta name="viewport" content="width=device-width" data-next-head=""/><style data-next-hide-fouc="true">body{display:none}</style><n
2026-09-23T06:33:54.078Z     attempt 4 failed: <!DOCTYPE html><html><head><meta charSet="utf-8" data-next-head=""/><meta name="viewport" content="width=device-width" data-next-head=""/><style data-next-hide-fouc="true">body{display:none}</style><n
2026-09-23T06:33:59.098Z     attempt 5 failed: <!DOCTYPE html><html><head><meta charSet="utf-8" data-next-head=""/><meta name="viewport" content="width=device-width" data-next-head=""/><style data-next-hide-fouc="true">body{display:none}</style><n
2026-09-23T06:34:04.115Z     attempt 6 failed: <!DOCTYPE html><html><head><meta charSet="utf-8" data-next-head=""/><meta name="viewport" content="width=device-width" data-next-head=""/><style data-next-hide-fouc="true">body{display:none}</style><n
2026-09-23T06:34:09.115Z     PARTIAL: 2 renders, remaining=["back","full_saree"], lastError=<!DOCTYPE html><html><head><meta charSet="utf-8" data-next-head=""/><meta name="viewport" content="width=device-width" data-next-head=""/><style data-next-hide-fouc="true">body{display:none}</style><n
2026-09-23T06:34:11.115Z --- crimson-and-brown-with-gold-zari-accents-saree-mu2h7av8 (Crimson And Brown With Gold Zari Accents Saree)
2026-09-23T06:34:11.134Z     attempt 1 failed: <!DOCTYPE html><html><head><meta charSet="utf-8" data-next-head=""/><meta name="viewport" content="width=device-width" data-next-head=""/><style data-next-hide-fouc="true">body{display:none}</style><n
2026-09-23T06:34:16.151Z     attempt 2 failed: <!DOCTYPE html><html><head><meta charSet="utf-8" data-next-head=""/><meta name="viewport" content="width=device-width" data-next-head=""/><style data-next-hide-fouc="true">body{display:none}</style><n
2026-09-23T06:34:21.172Z     attempt 3 failed: <!DOCTYPE html><html><head><meta charSet="utf-8" data-next-head=""/><meta name="viewport" content="width=device-width" data-next-head=""/><style data-next-hide-fouc="true">body{display:none}</style><n
2026-09-23T06:34:26.192Z     attempt 4 failed: <!DOCTYPE html><html><head><meta charSet="utf-8" data-next-head=""/><meta name="viewport" content="width=device-width" data-next-head=""/><style data-next-hide-fouc="true">body{display:none}</style><n
2026-09-23T06:34:31.212Z     attempt 5 failed: <!DOCTYPE html><html><head><meta charSet="utf-8" data-next-head=""/><meta name="viewport" content="width=device-width" data-next-head=""/><style data-next-hide-fouc="true">body{display:none}</style><n
2026-09-23T06:34:36.230Z     attempt 6 failed: <!DOCTYPE html><html><head><meta charSet="utf-8" data-next-head=""/><meta name="viewport" content="width=device-width" data-next-head=""/><style data-next-hide-fouc="true">body{display:none}</style><n
2026-09-23T06:34:41.231Z     FAILED: <!DOCTYPE html><html><head><meta charSet="utf-8" data-next-head=""/><meta name="viewport" content="width=device-width" data-next-head=""/><style data-next-hide-fouc="true">body{display:none}</style><n
2026-09-23T06:34:43.231Z --- magenta-and-deep-red-with-silver-zari-accents-saree-mu2hkzqt (Magenta And Deep Red With Silver Zari Accents Saree)
2026-09-23T06:34:43.256Z     attempt 1 failed: <!DOCTYPE html><html><head><meta charSet="utf-8" data-next-head=""/><meta name="viewport" content="width=device-width" data-next-head=""/><style data-next-hide-fouc="true">body{display:none}</style><n
2026-09-23T06:34:48.278Z     attempt 2 failed: <!DOCTYPE html><html><head><meta charSet="utf-8" data-next-head=""/><meta name="viewport" content="width=device-width" data-next-head=""/><style data-next-hide-fouc="true">body{display:none}</style><n
2026-09-23T06:34:53.296Z     attempt 3 failed: <!DOCTYPE html><html><head><meta charSet="utf-8" data-next-head=""/><meta name="viewport" content="width=device-width" data-next-head=""/><style data-next-hide-fouc="true">body{display:none}</style><n
2026-09-23T06:34:58.329Z     attempt 4 failed: <!DOCTYPE html><html><head><meta charSet="utf-8" data-next-head=""/><meta name="viewport" content="width=device-width" data-next-head=""/><style data-next-hide-fouc="true">body{display:none}</style><n
2026-09-23T06:35:03.349Z     attempt 5 failed: <!DOCTYPE html><html><head><meta charSet="utf-8" data-next-head=""/><meta name="viewport" content="width=device-width" data-next-head=""/><style data-next-hide-fouc="true">body{display:none}</style><n
2026-09-23T06:35:08.369Z     attempt 6 failed: <!DOCTYPE html><html><head><meta charSet="utf-8" data-next-head=""/><meta name="viewport" content="width=device-width" data-next-head=""/><style data-next-hide-fouc="true">body{display:none}</style><n
2026-09-23T06:35:13.369Z     FAILED: <!DOCTYPE html><html><head><meta charSet="utf-8" data-next-head=""/><meta name="viewport" content="width=device-width" data-next-head=""/><style data-next-hide-fouc="true">body{display:none}</style><n
2026-09-23T06:35:15.370Z --- orange-and-gold-saree-mu2hl8t9 (Orange And Gold Saree)
2026-09-23T06:35:15.398Z     attempt 1 failed: <!DOCTYPE html><html><head><meta charSet="utf-8" data-next-head=""/><meta name="viewport" content="width=device-width" data-next-head=""/><style data-next-hide-fouc="true">body{display:none}</style><n
2026-09-23T06:35:20.417Z     attempt 2 failed: <!DOCTYPE html><html><head><meta charSet="utf-8" data-next-head=""/><meta name="viewport" content="width=device-width" data-next-head=""/><style data-next-hide-fouc="true">body{display:none}</style><n
2026-09-23T06:35:25.436Z     attempt 3 failed: <!DOCTYPE html><html><head><meta charSet="utf-8" data-next-head=""/><meta name="viewport" content="width=device-width" data-next-head=""/><style data-next-hide-fouc="true">body{display:none}</style><n
2026-09-23T06:35:30.461Z     attempt 4 failed: <!DOCTYPE html><html><head><meta charSet="utf-8" data-next-head=""/><meta name="viewport" content="width=device-width" data-next-head=""/><style data-next-hide-fouc="true">body{display:none}</style><n
2026-09-23T06:35:35.483Z     attempt 5 failed: <!DOCTYPE html><html><head><meta charSet="utf-8" data-next-head=""/><meta name="viewport" content="width=device-width" data-next-head=""/><style data-next-hide-fouc="true">body{display:none}</style><n
2026-09-23T06:35:40.507Z     attempt 6 failed: <!DOCTYPE html><html><head><meta charSet="utf-8" data-next-head=""/><meta name="viewport" content="width=device-width" data-next-head=""/><style data-next-hide-fouc="true">body{display:none}</style><n
2026-09-23T06:35:45.509Z     FAILED: <!DOCTYPE html><html><head><meta charSet="utf-8" data-next-head=""/><meta name="viewport" content="width=device-width" data-next-head=""/><style data-next-hide-fouc="true">body{display:none}</style><n
2026-09-23T06:35:47.512Z --- blue-and-silver-saree-mu2hlhs1 (Blue And Silver Saree)
2026-09-23T06:35:47.532Z     attempt 1 failed: <!DOCTYPE html><html><head><meta charSet="utf-8" data-next-head=""/><meta name="viewport" content="width=device-width" data-next-head=""/><style data-next-hide-fouc="true">body{display:none}</style><n
2026-09-23T06:35:52.552Z     attempt 2 failed: <!DOCTYPE html><html><head><meta charSet="utf-8" data-next-head=""/><meta name="viewport" content="width=device-width" data-next-head=""/><style data-next-hide-fouc="true">body{display:none}</style><n
2026-09-23T06:35:57.587Z     attempt 3 failed: <!DOCTYPE html><html><head><meta charSet="utf-8" data-next-head=""/><meta name="viewport" content="width=device-width" data-next-head=""/><style data-next-hide-fouc="true">body{display:none}</style><n
2026-09-23T06:36:02.608Z     attempt 4 failed: <!DOCTYPE html><html><head><meta charSet="utf-8" data-next-head=""/><meta name="viewport" content="width=device-width" data-next-head=""/><style data-next-hide-fouc="true">body{display:none}</style><n
2026-09-23T06:36:07.628Z     attempt 5 failed: <!DOCTYPE html><html><head><meta charSet="utf-8" data-next-head=""/><meta name="viewport" content="width=device-width" data-next-head=""/><style data-next-hide-fouc="true">body{display:none}</style><n
2026-09-23T06:36:12.650Z     attempt 6 failed: <!DOCTYPE html><html><head><meta charSet="utf-8" data-next-head=""/><meta name="viewport" content="width=device-width" data-next-head=""/><style data-next-hide-fouc="true">body{display:none}</style><n
2026-09-23T06:36:17.650Z     FAILED: <!DOCTYPE html><html><head><meta charSet="utf-8" data-next-head=""/><meta name="viewport" content="width=device-width" data-next-head=""/><style data-next-hide-fouc="true">body{display:none}</style><n
2026-09-23T06:36:19.650Z --- silver-saree-mu2hlqdz (Silver Saree)
2026-09-23T06:36:19.676Z     attempt 1 failed: <!DOCTYPE html><html><head><meta charSet="utf-8" data-next-head=""/><meta name="viewport" content="width=device-width" data-next-head=""/><style data-next-hide-fouc="true">body{display:none}</style><n
2026-09-23T06:36:24.697Z     attempt 2 failed: <!DOCTYPE html><html><head><meta charSet="utf-8" data-next-head=""/><meta name="viewport" content="width=device-width" data-next-head=""/><style data-next-hide-fouc="true">body{display:none}</style><n
2026-09-23T06:36:29.715Z     attempt 3 failed: <!DOCTYPE html><html><head><meta charSet="utf-8" data-next-head=""/><meta name="viewport" content="width=device-width" data-next-head=""/><style data-next-hide-fouc="true">body{display:none}</style><n
2026-09-23T06:36:34.735Z     attempt 4 failed: <!DOCTYPE html><html><head><meta charSet="utf-8" data-next-head=""/><meta name="viewport" content="width=device-width" data-next-head=""/><style data-next-hide-fouc="true">body{display:none}</style><n
2026-09-23T06:36:39.757Z     attempt 5 failed: <!DOCTYPE html><html><head><meta charSet="utf-8" data-next-head=""/><meta name="viewport" content="width=device-width" data-next-head=""/><style data-next-hide-fouc="true">body{display:none}</style><n
2026-09-23T06:36:44.779Z     attempt 6 failed: <!DOCTYPE html><html><head><meta charSet="utf-8" data-next-head=""/><meta name="viewport" content="width=device-width" data-next-head=""/><style data-next-hide-fouc="true">body{display:none}</style><n
2026-09-23T06:36:49.782Z     FAILED: <!DOCTYPE html><html><head><meta charSet="utf-8" data-next-head=""/><meta name="viewport" content="width=device-width" data-next-head=""/><style data-next-hide-fouc="true">body{display:none}</style><n
2026-09-23T06:36:51.784Z --- tan-and-crimson-with-gold-zari-accents-saree-mu2hlzav (Tan And Crimson With Gold Zari Accents Saree)
2026-09-23T06:36:51.810Z     attempt 1 failed: <!DOCTYPE html><html><head><meta charSet="utf-8" data-next-head=""/><meta name="viewport" content="width=device-width" data-next-head=""/><style data-next-hide-fouc="true">body{display:none}</style><n
2026-09-23T06:36:56.827Z     attempt 2 failed: <!DOCTYPE html><html><head><meta charSet="utf-8" data-next-head=""/><meta name="viewport" content="width=device-width" data-next-head=""/><style data-next-hide-fouc="true">body{display:none}</style><n
2026-09-23T06:37:01.854Z     attempt 3 failed: <!DOCTYPE html><html><head><meta charSet="utf-8" data-next-head=""/><meta name="viewport" content="width=device-width" data-next-head=""/><style data-next-hide-fouc="true">body{display:none}</style><n
2026-09-23T06:37:06.873Z     attempt 4 failed: <!DOCTYPE html><html><head><meta charSet="utf-8" data-next-head=""/><meta name="viewport" content="width=device-width" data-next-head=""/><style data-next-hide-fouc="true">body{display:none}</style><n
2026-09-23T06:37:11.891Z     attempt 5 failed: <!DOCTYPE html><html><head><meta charSet="utf-8" data-next-head=""/><meta name="viewport" content="width=device-width" data-next-head=""/><style data-next-hide-fouc="true">body{display:none}</style><n
2026-09-23T06:37:16.909Z     attempt 6 failed: <!DOCTYPE html><html><head><meta charSet="utf-8" data-next-head=""/><meta name="viewport" content="width=device-width" data-next-head=""/><style data-next-hide-fouc="true">body{display:none}</style><n
2026-09-23T06:37:21.910Z     FAILED: <!DOCTYPE html><html><head><meta charSet="utf-8" data-next-head=""/><meta name="viewport" content="width=device-width" data-next-head=""/><style data-next-hide-fouc="true">body{display:none}</style><n
2026-09-23T06:37:23.911Z --- tan-with-gold-zari-accents-saree-mu2hm7pf (Tan With Gold Zari Accents Saree)
2026-09-23T06:37:23.932Z     attempt 1 failed: <!DOCTYPE html><html><head><meta charSet="utf-8" data-next-head=""/><meta name="viewport" content="width=device-width" data-next-head=""/><style data-next-hide-fouc="true">body{display:none}</style><n
2026-09-23T06:37:28.949Z     attempt 2 failed: <!DOCTYPE html><html><head><meta charSet="utf-8" data-next-head=""/><meta name="viewport" content="width=device-width" data-next-head=""/><style data-next-hide-fouc="true">body{display:none}</style><n
2026-09-23T06:37:33.971Z     attempt 3 failed: <!DOCTYPE html><html><head><meta charSet="utf-8" data-next-head=""/><meta name="viewport" content="width=device-width" data-next-head=""/><style data-next-hide-fouc="true">body{display:none}</style><n
2026-09-23T06:37:38.991Z     attempt 4 failed: <!DOCTYPE html><html><head><meta charSet="utf-8" data-next-head=""/><meta name="viewport" content="width=device-width" data-next-head=""/><style data-next-hide-fouc="true">body{display:none}</style><n
2026-09-23T06:37:49.730Z     attempt 5 failed: Cloudflare Workers AI daily free allocation may be reached — try again after the reset or switch to Qwen.
2026-09-23T06:37:49.730Z     FAILED: Cloudflare Workers AI daily free allocation may be reached — try again after the reset or switch to Qwen.
2026-09-23T06:37:51.732Z === batch end: 24 complete / 1 partial / 7 failed ===
2026-09-23T06:38:26.339Z === batch start: 3 products ===
2026-09-23T06:38:26.340Z --- orange-and-tan-with-gold-zari-accents-saree-mu2gzm7b (Orange And Tan With Gold Zari Accents Saree)
2026-09-23T06:38:31.047Z     attempt 1 failed: Cloudflare Workers AI daily free allocation may be reached — try again after the reset or switch to Qwen.
2026-09-23T06:38:31.047Z     FAILED: Cloudflare Workers AI daily free allocation may be reached — try again after the reset or switch to Qwen.
2026-09-23T06:38:33.049Z === batch end: 0 complete / 0 partial / 1 failed ===
2026-09-23T06:38:34.351Z === batch start: 4 products ===
2026-09-23T06:38:34.353Z --- violet-with-gold-zari-accents-saree-mu2h1t71 (Violet With Gold Zari Accents Saree)
2026-09-23T06:38:38.710Z     attempt 1 failed: Cloudflare Workers AI daily free allocation may be reached — try again after the reset or switch to Qwen.
2026-09-23T06:38:38.711Z     FAILED: Cloudflare Workers AI daily free allocation may be reached — try again after the reset or switch to Qwen.
2026-09-23T06:38:40.711Z === batch end: 0 complete / 0 partial / 1 failed ===
2026-09-23T06:38:41.932Z === batch start: 96 products ===
2026-09-23T06:38:41.934Z --- violet-with-gold-zari-accents-saree-mu2h1t71 (Violet With Gold Zari Accents Saree)
2026-09-23T06:38:46.203Z     attempt 1 failed: Cloudflare Workers AI daily free allocation may be reached — try again after the reset or switch to Qwen.
2026-09-23T06:38:46.203Z     FAILED: Cloudflare Workers AI daily free allocation may be reached — try again after the reset or switch to Qwen.
2026-09-23T06:38:48.204Z === batch end: 0 complete / 0 partial / 1 failed ===
2026-09-23T06:39:36.346Z === batch start: 3 products ===
2026-09-23T06:39:36.347Z --- orange-and-tan-with-gold-zari-accents-saree-mu2gzm7b (Orange And Tan With Gold Zari Accents Saree)
2026-09-23T06:39:40.816Z     attempt 1 failed: Cloudflare Workers AI daily free allocation may be reached — try again after the reset or switch to Qwen.
2026-09-23T06:39:40.817Z     FAILED: Cloudflare Workers AI daily free allocation may be reached — try again after the reset or switch to Qwen.
2026-09-23T06:39:42.820Z === batch end: 0 complete / 0 partial / 1 failed ===
2026-09-23T06:39:44.035Z === batch start: 3 products ===
2026-09-23T06:39:44.036Z --- crimson-with-gold-zari-accents-saree-mu2h205p (Crimson With Gold Zari Accents Saree)
2026-09-23T06:39:48.081Z     attempt 1 failed: Cloudflare Workers AI daily free allocation may be reached — try again after the reset or switch to Qwen.
2026-09-23T06:39:48.082Z     FAILED: Cloudflare Workers AI daily free allocation may be reached — try again after the reset or switch to Qwen.
2026-09-23T06:39:50.083Z === batch end: 0 complete / 0 partial / 1 failed ===
2026-09-23T06:39:51.312Z === batch start: 97 products ===
2026-09-23T06:39:51.313Z --- violet-with-gold-zari-accents-saree-mu2h1t71 (Violet With Gold Zari Accents Saree)
2026-09-23T06:39:54.745Z     attempt 1 failed: Cloudflare Workers AI daily free allocation may be reached — try again after the reset or switch to Qwen.
2026-09-23T06:39:54.745Z     FAILED: Cloudflare Workers AI daily free allocation may be reached — try again after the reset or switch to Qwen.
2026-09-23T06:39:56.746Z === batch end: 0 complete / 0 partial / 1 failed ===
2026-09-23T06:40:23.513Z === batch start: 3 products ===
2026-09-23T06:40:23.514Z --- orange-and-tan-with-gold-zari-accents-saree-mu2gzm7b (Orange And Tan With Gold Zari Accents Saree)
2026-09-23T06:40:27.353Z     attempt 1 failed: Cloudflare Workers AI daily free allocation may be reached — try again after the reset or switch to Qwen.
2026-09-23T06:40:27.354Z     FAILED: Cloudflare Workers AI daily free allocation may be reached — try again after the reset or switch to Qwen.
2026-09-23T06:40:29.355Z === batch end: 0 complete / 0 partial / 1 failed ===
2026-09-23T06:40:30.703Z === batch start: 2 products ===
2026-09-23T06:40:30.704Z --- pink-and-deep-red-with-gold-zari-accents-saree-mu2h3702 (Pink And Deep Red With Gold Zari Accents Saree)
2026-09-23T06:40:35.022Z     attempt 1 failed: Cloudflare Workers AI daily free allocation may be reached — try again after the reset or switch to Qwen.
2026-09-23T06:40:35.023Z     FAILED: Cloudflare Workers AI daily free allocation may be reached — try again after the reset or switch to Qwen.
2026-09-23T06:40:37.023Z === batch end: 0 complete / 0 partial / 1 failed ===
2026-09-23T06:40:38.213Z === batch start: 98 products ===
2026-09-23T06:40:38.215Z --- violet-with-gold-zari-accents-saree-mu2h1t71 (Violet With Gold Zari Accents Saree)
2026-09-23T06:40:41.296Z     attempt 1 failed: Cloudflare Workers AI daily free allocation may be reached — try again after the reset or switch to Qwen.
2026-09-23T06:40:41.297Z     FAILED: Cloudflare Workers AI daily free allocation may be reached — try again after the reset or switch to Qwen.
2026-09-23T06:40:43.298Z === batch end: 0 complete / 0 partial / 1 failed ===
2026-09-23T08:40:48.967Z === batch start: 2 products ===
2026-09-23T08:40:48.968Z --- orange-and-tan-with-gold-zari-accents-saree-mu2gzm7b (Orange And Tan With Gold Zari Accents Saree)
2026-09-23T08:40:53.481Z     attempt 1 failed: fetch failed
2026-09-23T08:41:02.005Z     attempt 2 failed: fetch failed
2026-09-23T08:41:10.552Z     attempt 3 failed: fetch failed
2026-09-23T08:41:18.332Z     attempt 4 failed: fetch failed
2026-09-23T08:41:26.979Z     attempt 5 failed: fetch failed
2026-09-23T08:41:35.350Z     attempt 6 failed: fetch failed
2026-09-23T08:41:40.350Z     FAILED: fetch failed
2026-09-23T08:41:42.351Z --- teal-with-gold-zari-accents-saree-mu2h2ey6 (Teal With Gold Zari Accents Saree)
2026-09-23T08:41:45.992Z     DONE: 1 renders in 4s
2026-09-23T08:41:47.992Z === batch end: 1 complete / 0 partial / 1 failed ===
2026-09-23T08:41:49.466Z === batch start: 1 products ===
2026-09-23T08:41:49.467Z --- teal-with-gold-zari-accents-saree-mu2h2ey6 (Teal With Gold Zari Accents Saree)
2026-09-23T08:41:52.152Z     attempt 1 failed: fetch failed
2026-09-23T08:41:59.746Z     attempt 2 failed: fetch failed
2026-09-23T08:42:07.717Z     attempt 3 failed: fetch failed
2026-09-23T08:42:15.850Z     attempt 4 failed: fetch failed
2026-09-23T08:42:23.616Z     attempt 5 failed: fetch failed
2026-09-23T08:42:32.163Z     attempt 6 failed: fetch failed
2026-09-23T08:42:37.165Z     FAILED: fetch failed
2026-09-23T08:42:39.167Z === batch end: 0 complete / 0 partial / 1 failed ===
2026-09-23T08:42:40.904Z === batch start: 99 products ===
2026-09-23T08:42:40.906Z --- violet-with-gold-zari-accents-saree-mu2h1t71 (Violet With Gold Zari Accents Saree)
2026-09-23T08:42:43.662Z     attempt 1 failed: fetch failed
2026-09-23T08:42:51.561Z     attempt 2 failed: fetch failed
2026-09-23T08:42:59.675Z     attempt 3 failed: fetch failed
2026-09-23T08:43:07.326Z     attempt 4 failed: fetch failed
2026-09-23T08:43:14.850Z     attempt 5 failed: fetch failed
2026-09-23T08:43:22.194Z     attempt 6 failed: fetch failed
2026-09-23T08:43:27.195Z     FAILED: fetch failed
2026-09-23T08:43:29.197Z --- crimson-with-gold-zari-accents-saree-mu2h205p (Crimson With Gold Zari Accents Saree)
2026-09-23T08:43:32.327Z     attempt 1 failed: fetch failed
2026-09-23T08:43:40.431Z     attempt 2 failed: fetch failed
2026-09-23T08:43:48.029Z     attempt 3 failed: fetch failed
2026-09-23T08:43:55.360Z     attempt 4 failed: fetch failed
2026-09-23T08:44:02.776Z     attempt 5 failed: fetch failed
2026-09-23T08:44:10.423Z     attempt 6 failed: fetch failed
2026-09-23T08:44:15.424Z     FAILED: fetch failed
2026-09-23T08:44:17.425Z --- pink-and-deep-red-with-gold-zari-accents-saree-mu2h3702 (Pink And Deep Red With Gold Zari Accents Saree)
2026-09-23T08:44:20.727Z     attempt 1 failed: fetch failed
2026-09-23T08:44:28.865Z     attempt 2 failed: fetch failed
2026-09-23T08:44:36.392Z     attempt 3 failed: fetch failed
2026-09-23T08:44:44.125Z     attempt 4 failed: fetch failed
2026-09-23T08:44:52.354Z     attempt 5 failed: fetch failed
2026-09-23T08:44:59.974Z     attempt 6 failed: fetch failed
2026-09-23T08:45:04.974Z     FAILED: fetch failed
2026-09-23T08:45:06.975Z --- teal-with-gold-zari-accents-saree-mu2h2ey6 (Teal With Gold Zari Accents Saree)
2026-09-23T08:45:10.222Z     attempt 1 failed: fetch failed
2026-09-23T08:45:17.323Z     attempt 2 failed: fetch failed
2026-09-23T08:45:25.361Z     attempt 3 failed: fetch failed
2026-09-23T08:45:33.223Z     attempt 4 failed: fetch failed
2026-09-23T08:45:41.204Z     attempt 5 failed: fetch failed
2026-09-23T08:45:48.667Z     attempt 6 failed: fetch failed
2026-09-23T08:45:53.668Z     FAILED: fetch failed
2026-09-23T08:45:55.669Z --- crimson-and-brown-with-gold-zari-accents-saree-mu2h7av8 (Crimson And Brown With Gold Zari Accents Saree)
2026-09-23T08:45:58.468Z     attempt 1 failed: fetch failed
2026-09-23T08:46:06.085Z     attempt 2 failed: fetch failed
2026-09-23T08:46:13.700Z     attempt 3 failed: fetch failed
2026-09-23T08:46:21.034Z     attempt 4 failed: fetch failed
2026-09-23T08:46:29.265Z     attempt 5 failed: fetch failed
2026-09-23T08:46:36.967Z     attempt 6 failed: fetch failed
2026-09-23T08:46:41.968Z     FAILED: fetch failed
2026-09-23T08:46:43.969Z --- magenta-and-deep-red-with-silver-zari-accents-saree-mu2hkzqt (Magenta And Deep Red With Silver Zari Accents Saree)
2026-09-23T08:46:46.714Z     attempt 1 failed: fetch failed
2026-09-23T08:46:55.023Z     attempt 2 failed: fetch failed
2026-09-23T08:47:02.198Z     attempt 3 failed: fetch failed
2026-09-23T08:47:10.623Z     attempt 4 failed: fetch failed
2026-09-23T08:47:18.319Z     attempt 5 failed: fetch failed
2026-09-23T08:47:25.750Z     attempt 6 failed: fetch failed
2026-09-23T08:47:30.751Z     FAILED: fetch failed
2026-09-23T08:47:32.752Z --- orange-and-gold-saree-mu2hl8t9 (Orange And Gold Saree)
2026-09-23T08:47:36.037Z     attempt 1 failed: fetch failed
2026-09-23T08:47:44.269Z     attempt 2 failed: fetch failed
2026-09-23T08:47:51.684Z     attempt 3 failed: fetch failed
2026-09-23T08:47:59.547Z     attempt 4 failed: fetch failed
2026-09-23T08:48:06.805Z     attempt 5 failed: fetch failed
2026-09-23T08:48:15.020Z     attempt 6 failed: fetch failed
2026-09-23T08:48:20.025Z     FAILED: fetch failed
2026-09-23T08:48:22.027Z --- blue-and-silver-saree-mu2hlhs1 (Blue And Silver Saree)
2026-09-23T08:48:24.864Z     attempt 1 failed: fetch failed
2026-09-23T08:48:32.371Z     attempt 2 failed: fetch failed
2026-09-23T08:48:39.541Z     attempt 3 failed: fetch failed
2026-09-23T08:48:46.984Z     attempt 4 failed: fetch failed
2026-09-23T08:48:54.060Z     attempt 5 failed: fetch failed
2026-09-23T08:49:01.658Z     attempt 6 failed: fetch failed
2026-09-23T08:49:06.659Z     FAILED: fetch failed
2026-09-23T08:49:08.660Z --- silver-saree-mu2hlqdz (Silver Saree)
2026-09-23T08:49:11.925Z     attempt 1 failed: fetch failed
2026-09-23T08:49:18.984Z     attempt 2 failed: fetch failed
2026-09-23T08:49:26.762Z     attempt 3 failed: fetch failed
2026-09-23T08:49:34.889Z     attempt 4 failed: fetch failed
2026-09-23T08:49:42.310Z     attempt 5 failed: fetch failed
2026-09-23T08:49:49.508Z     attempt 6 failed: fetch failed
2026-09-23T08:49:54.508Z     FAILED: fetch failed
2026-09-23T08:49:56.509Z --- tan-and-crimson-with-gold-zari-accents-saree-mu2hlzav (Tan And Crimson With Gold Zari Accents Saree)
2026-09-23T08:49:59.617Z     attempt 1 failed: fetch failed
2026-09-23T08:50:07.224Z     attempt 2 failed: fetch failed
2026-09-23T08:50:15.236Z     attempt 3 failed: fetch failed
2026-09-23T08:50:22.463Z     attempt 4 failed: fetch failed
2026-09-23T08:50:29.553Z     attempt 5 failed: fetch failed
2026-09-23T08:50:36.940Z     attempt 6 failed: fetch failed
2026-09-23T08:50:41.940Z     FAILED: fetch failed
2026-09-23T08:50:43.942Z --- tan-with-gold-zari-accents-saree-mu2hm7pf (Tan With Gold Zari Accents Saree)
2026-09-23T08:50:46.400Z     attempt 1 failed: fetch failed
2026-09-23T08:50:54.344Z     attempt 2 failed: fetch failed
2026-09-23T08:51:02.328Z     attempt 3 failed: fetch failed
2026-09-23T08:51:09.471Z     attempt 4 failed: fetch failed
2026-09-23T08:51:16.854Z     attempt 5 failed: fetch failed
2026-09-23T08:51:25.038Z     attempt 6 failed: fetch failed
2026-09-23T08:51:30.038Z     FAILED: fetch failed
2026-09-23T08:51:32.039Z --- baby-pink-and-deep-green-with-gold-zari-accents-saree-mu2hmg (Baby Pink And Deep Green With Gold Zari Accents Saree)
2026-09-23T08:51:35.124Z     attempt 1 failed: fetch failed
2026-09-23T08:51:42.701Z     attempt 2 failed: fetch failed
2026-09-23T08:51:50.141Z     attempt 3 failed: fetch failed
2026-09-23T08:51:57.269Z     attempt 4 failed: fetch failed
2026-09-23T08:52:04.466Z     attempt 5 failed: fetch failed
2026-09-23T08:52:12.618Z     attempt 6 failed: fetch failed
2026-09-23T08:52:17.618Z     FAILED: fetch failed
2026-09-23T08:52:19.618Z --- teal-with-gold-zari-accents-saree-mu2hmp9l (Teal With Gold Zari Accents Saree)
2026-09-23T08:52:24.855Z     attempt 1 failed: fetch failed
2026-09-23T08:52:33.124Z     attempt 2 failed: fetch failed
2026-09-23T08:52:40.487Z     attempt 3 failed: fetch failed
2026-09-23T08:52:48.431Z     attempt 4 failed: fetch failed
2026-09-23T08:52:55.927Z     attempt 5 failed: fetch failed
2026-09-23T08:53:03.105Z     attempt 6 failed: fetch failed
2026-09-23T08:53:08.106Z     FAILED: fetch failed
2026-09-23T08:53:10.110Z --- orange-and-crimson-with-silver-zari-accents-saree-mu2hmy1m (Orange And Crimson With Silver Zari Accents Saree)
2026-09-23T08:53:12.399Z     attempt 1 failed: fetch failed
2026-09-23T08:53:19.764Z     attempt 2 failed: fetch failed
2026-09-23T08:53:27.759Z     attempt 3 failed: fetch failed
2026-09-23T08:53:35.279Z     attempt 4 failed: fetch failed
2026-09-23T08:53:42.366Z     attempt 5 failed: fetch failed
2026-09-23T08:53:50.440Z     attempt 6 failed: fetch failed
2026-09-23T08:53:55.440Z     FAILED: fetch failed
2026-09-23T08:53:57.443Z --- tan-and-baby-pink-with-gold-zari-accents-saree-mu2hn6u0 (Tan And Baby Pink With Gold Zari Accents Saree)
2026-09-23T08:54:00.398Z     attempt 1 failed: fetch failed
2026-09-23T08:54:08.590Z     attempt 2 failed: fetch failed
2026-09-23T08:54:16.781Z     attempt 3 failed: fetch failed
2026-09-23T08:54:24.732Z     attempt 4 failed: fetch failed
2026-09-23T08:54:32.097Z     attempt 5 failed: fetch failed
2026-09-23T08:54:39.703Z     attempt 6 failed: fetch failed
2026-09-23T08:54:44.705Z     FAILED: fetch failed
2026-09-23T08:54:46.706Z --- blue-and-orange-with-gold-zari-accents-saree-mu2hnfa7 (Blue And Orange With Gold Zari Accents Saree)
2026-09-23T08:54:49.762Z     attempt 1 failed: fetch failed
2026-09-23T08:54:58.294Z     attempt 2 failed: fetch failed
2026-09-23T08:55:05.822Z     attempt 3 failed: fetch failed
2026-09-23T08:55:14.161Z     attempt 4 failed: fetch failed
2026-09-23T08:55:21.452Z     attempt 5 failed: fetch failed
2026-09-23T08:55:31.392Z     attempt 6 failed: fetch failed
2026-09-23T08:55:36.392Z     FAILED: fetch failed
2026-09-23T08:55:38.392Z --- deep-red-and-brown-with-silver-zari-accents-saree-mu2hnuic (Deep Red And Brown With Silver Zari Accents Saree)
2026-09-23T08:55:41.531Z     attempt 1 failed: fetch failed
2026-09-23T08:55:49.454Z     attempt 2 failed: fetch failed
2026-09-23T08:55:57.070Z     attempt 3 failed: fetch failed
2026-09-23T08:56:04.454Z     attempt 4 failed: fetch failed
2026-09-23T08:56:11.665Z     attempt 5 failed: fetch failed
2026-09-23T08:56:19.699Z     attempt 6 failed: fetch failed
2026-09-23T08:56:24.700Z     FAILED: fetch failed
2026-09-23T08:56:26.700Z --- red-and-orange-with-gold-zari-accents-saree-mu2hocq9 (Red And Orange With Gold Zari Accents Saree)
2026-09-23T08:56:29.425Z     attempt 1 failed: fetch failed
2026-09-23T08:56:37.297Z     attempt 2 failed: fetch failed
2026-09-23T08:56:44.960Z     attempt 3 failed: fetch failed
2026-09-23T08:56:52.154Z     attempt 4 failed: fetch failed
2026-09-23T08:56:59.621Z     attempt 5 failed: fetch failed
2026-09-23T08:57:06.784Z     attempt 6 failed: fetch failed
2026-09-23T08:57:11.785Z     FAILED: fetch failed
2026-09-23T08:57:13.786Z --- royal-blue-and-crimson-with-silver-zari-accents-saree-mu2hom (Royal Blue And Crimson With Silver Zari Accents Saree)
2026-09-23T08:57:16.412Z     attempt 1 failed: fetch failed
2026-09-23T08:57:24.449Z     attempt 2 failed: fetch failed
2026-09-23T08:57:32.058Z     attempt 3 failed: fetch failed
2026-09-23T08:57:39.335Z     attempt 4 failed: fetch failed
2026-09-23T08:57:46.950Z     attempt 5 failed: fetch failed
2026-09-23T08:57:54.330Z     attempt 6 failed: fetch failed
2026-09-23T08:57:59.331Z     FAILED: fetch failed
2026-09-23T08:58:01.332Z --- royal-blue-and-crimson-with-gold-zari-accents-saree-mu2hpckh (Royal Blue And Crimson With Gold Zari Accents Saree)
2026-09-23T08:58:03.795Z     attempt 1 failed: fetch failed
2026-09-23T08:58:11.998Z     attempt 2 failed: fetch failed
2026-09-23T08:58:20.409Z     attempt 3 failed: fetch failed
2026-09-23T08:58:27.619Z     attempt 4 failed: fetch failed
2026-09-23T08:58:35.211Z     attempt 5 failed: fetch failed
2026-09-23T08:58:42.478Z     attempt 6 failed: fetch failed
2026-09-23T08:58:47.478Z     FAILED: fetch failed
2026-09-23T08:58:49.478Z --- silver-saree-mu2hplo0 (Silver Saree)
2026-09-23T08:58:52.335Z     attempt 1 failed: fetch failed
2026-09-23T08:59:00.105Z     attempt 2 failed: fetch failed
2026-09-23T08:59:07.622Z     attempt 3 failed: fetch failed
2026-09-23T08:59:14.693Z     attempt 4 failed: fetch failed
2026-09-23T08:59:21.830Z     attempt 5 failed: fetch failed
2026-09-23T08:59:28.923Z     attempt 6 failed: fetch failed
2026-09-23T08:59:33.924Z     FAILED: fetch failed
2026-09-23T08:59:35.925Z --- royal-blue-and-gold-saree-mu2hqb0t (Royal Blue And Gold Saree)
2026-09-23T08:59:38.149Z     attempt 1 failed: fetch failed
2026-09-23T08:59:45.973Z     attempt 2 failed: fetch failed
2026-09-23T08:59:53.167Z     attempt 3 failed: fetch failed
2026-09-23T09:00:01.124Z     attempt 4 failed: fetch failed
2026-09-23T09:00:08.307Z     attempt 5 failed: fetch failed
2026-09-23T09:00:16.607Z     attempt 6 failed: fetch failed
2026-09-23T09:00:21.608Z     FAILED: fetch failed
2026-09-23T09:00:23.608Z --- orange-with-gold-zari-accents-saree-mu2hp3kg (Orange With Gold Zari Accents Saree)
2026-09-23T09:00:27.445Z     attempt 1 failed: fetch failed
2026-09-23T09:00:35.622Z     attempt 2 failed: fetch failed
2026-09-23T09:00:44.274Z     attempt 3 failed: fetch failed
2026-09-23T09:00:59.015Z     attempt 4 failed: fetch failed
2026-09-23T09:01:06.424Z     attempt 5 failed: fetch failed
2026-09-23T09:01:14.613Z     attempt 6 failed: fetch failed
2026-09-23T09:01:19.613Z     FAILED: fetch failed
2026-09-23T09:01:21.614Z --- orange-and-deep-green-with-gold-zari-accents-saree-mu2hq28s (Orange And Deep Green With Gold Zari Accents Saree)
2026-09-23T09:01:24.938Z     attempt 1 failed: fetch failed
2026-09-23T09:01:33.331Z     attempt 2 failed: fetch failed
2026-09-23T09:01:40.967Z     attempt 3 failed: fetch failed
2026-09-23T09:01:48.730Z     attempt 4 failed: fetch failed
2026-09-23T09:01:56.352Z     attempt 5 failed: fetch failed
2026-09-23T09:02:03.830Z     attempt 6 failed: fetch failed
2026-09-23T09:02:08.831Z     FAILED: fetch failed
2026-09-23T09:02:10.833Z --- gold-and-deep-red-saree-mu2hs74h (Gold And Deep Red Saree)
2026-09-23T09:02:13.295Z     attempt 1 failed: fetch failed
2026-09-23T09:02:20.552Z     attempt 2 failed: fetch failed
2026-09-23T09:02:28.658Z     attempt 3 failed: fetch failed
2026-09-23T09:02:36.629Z     attempt 4 failed: fetch failed
2026-09-23T09:02:44.195Z     attempt 5 failed: fetch failed
2026-09-23T09:02:52.721Z     attempt 6 failed: fetch failed
2026-09-23T09:02:57.721Z     FAILED: fetch failed
2026-09-23T09:02:59.722Z --- yellow-with-gold-zari-accents-saree-mu2hsfpk (Yellow With Gold Zari Accents Saree)
2026-09-23T09:03:03.216Z     attempt 1 failed: fetch failed
2026-09-23T09:03:11.458Z     attempt 2 failed: fetch failed
2026-09-23T09:03:18.961Z     attempt 3 failed: fetch failed
2026-09-23T09:03:26.861Z     attempt 4 failed: fetch failed
2026-09-23T09:03:34.622Z     attempt 5 failed: fetch failed
2026-09-23T09:03:42.216Z     attempt 6 failed: fetch failed
2026-09-23T09:03:47.217Z     FAILED: fetch failed
2026-09-23T09:03:49.217Z --- crimson-and-teal-saree-mu2houmy (Crimson And Teal Saree)
2026-09-23T09:03:52.537Z     attempt 1 failed: fetch failed
2026-09-23T09:04:00.371Z     attempt 2 failed: fetch failed
2026-09-23T09:04:07.928Z     attempt 3 failed: fetch failed
2026-09-23T09:04:15.749Z     attempt 4 failed: fetch failed
2026-09-23T09:04:23.510Z     attempt 5 failed: fetch failed
2026-09-23T09:04:31.044Z     attempt 6 failed: fetch failed
2026-09-23T09:04:36.044Z     FAILED: fetch failed
2026-09-23T09:04:38.046Z --- magenta-and-brown-with-silver-zari-accents-saree-mu2hptxg (Magenta And Brown With Silver Zari Accents Saree)
2026-09-23T09:04:40.722Z     attempt 1 failed: fetch failed
2026-09-23T09:04:48.462Z     attempt 2 failed: fetch failed
2026-09-23T09:04:56.255Z     attempt 3 failed: fetch failed
2026-09-23T09:05:04.402Z     attempt 4 failed: fetch failed
2026-09-23T09:05:11.510Z     attempt 5 failed: fetch failed
2026-09-23T09:05:19.276Z     attempt 6 failed: fetch failed
2026-09-23T09:05:24.276Z     FAILED: fetch failed
2026-09-23T09:05:26.278Z --- rose-pink-and-magenta-with-gold-zari-accents-saree-mu2hqs1u (Rose Pink And Magenta With Gold Zari Accents Saree)
2026-09-23T09:05:29.593Z     attempt 1 failed: fetch failed
2026-09-23T09:05:37.522Z     attempt 2 failed: fetch failed
2026-09-23T09:05:45.175Z     attempt 3 failed: fetch failed
2026-09-23T09:05:53.083Z     attempt 4 failed: fetch failed
2026-09-23T09:06:00.652Z     attempt 5 failed: fetch failed
2026-09-23T09:06:08.097Z     attempt 6 failed: fetch failed
2026-09-23T09:06:13.097Z     FAILED: fetch failed
2026-09-23T09:06:15.098Z --- teal-and-blue-with-gold-zari-accents-saree-mu2hr8ne (Teal And Blue With Gold Zari Accents Saree)
2026-09-23T09:06:17.809Z     attempt 1 failed: fetch failed
2026-09-23T09:06:25.939Z     attempt 2 failed: fetch failed
2026-09-23T09:06:33.450Z     attempt 3 failed: fetch failed
2026-09-23T09:06:41.306Z     attempt 4 failed: fetch failed
2026-09-23T09:06:48.483Z     attempt 5 failed: fetch failed
2026-09-23T09:06:55.825Z     attempt 6 failed: fetch failed
2026-09-23T09:07:00.826Z     FAILED: fetch failed
2026-09-23T09:07:02.827Z --- gold-and-red-saree-mu2hry99 (Gold And Red Saree)
2026-09-23T09:07:05.234Z     attempt 1 failed: fetch failed
2026-09-23T09:07:13.105Z     attempt 2 failed: fetch failed
2026-09-23T09:07:21.036Z     attempt 3 failed: fetch failed
2026-09-23T09:07:28.443Z     attempt 4 failed: fetch failed
2026-09-23T09:07:35.947Z     attempt 5 failed: fetch failed
2026-09-23T09:07:43.077Z     attempt 6 failed: fetch failed
2026-09-23T09:07:48.078Z     FAILED: fetch failed
2026-09-23T09:07:50.080Z --- teal-and-violet-with-silver-zari-accents-saree-mu2hsweu (Teal And Violet With Silver Zari Accents Saree)
2026-09-23T09:07:52.827Z     attempt 1 failed: fetch failed
2026-09-23T09:07:59.954Z     attempt 2 failed: fetch failed
2026-09-23T09:08:07.792Z     attempt 3 failed: fetch failed
2026-09-23T09:08:15.699Z     attempt 4 failed: fetch failed
2026-09-23T09:08:23.525Z     attempt 5 failed: fetch failed
2026-09-23T09:08:30.594Z     attempt 6 failed: fetch failed
2026-09-23T09:08:35.595Z     FAILED: fetch failed
2026-09-23T09:08:37.595Z --- green-and-yellow-with-gold-zari-accents-saree-mu2hqj7v (Green And Yellow With Gold Zari Accents Saree)
2026-09-23T09:08:40.452Z     attempt 1 failed: fetch failed
2026-09-23T09:08:47.653Z     attempt 2 failed: fetch failed
2026-09-23T09:08:54.899Z     attempt 3 failed: fetch failed
2026-09-23T09:09:02.230Z     attempt 4 failed: fetch failed
2026-09-23T09:09:10.317Z     attempt 5 failed: fetch failed
2026-09-23T09:09:17.427Z     attempt 6 failed: fetch failed
2026-09-23T09:09:22.427Z     FAILED: fetch failed
2026-09-23T09:09:24.428Z --- navy-blue-and-deep-red-with-gold-zari-accents-saree-mu2ht4rs (Navy Blue And Deep Red With Gold Zari Accents Saree)
2026-09-23T09:09:27.543Z     attempt 1 failed: fetch failed
2026-09-23T09:09:35.608Z     attempt 2 failed: fetch failed
2026-09-23T09:09:43.141Z     attempt 3 failed: fetch failed
2026-09-23T09:09:50.496Z     attempt 4 failed: fetch failed
2026-09-23T09:09:57.874Z     attempt 5 failed: fetch failed
2026-09-23T09:10:05.762Z     attempt 6 failed: fetch failed
2026-09-23T09:10:10.763Z     FAILED: fetch failed
2026-09-23T09:10:12.764Z --- baby-pink-and-tan-with-silver-zari-accents-saree-mu2hr0ax (Baby Pink And Tan With Silver Zari Accents Saree)
2026-09-23T09:10:15.510Z     attempt 1 failed: fetch failed
2026-09-23T09:10:23.337Z     attempt 2 failed: fetch failed
2026-09-23T09:10:31.025Z     attempt 3 failed: fetch failed
2026-09-23T09:10:38.925Z     attempt 4 failed: fetch failed
2026-09-23T09:10:46.714Z     attempt 5 failed: fetch failed
2026-09-23T09:10:54.168Z     attempt 6 failed: fetch failed
2026-09-23T09:10:59.169Z     FAILED: fetch failed
2026-09-23T09:11:01.170Z --- royal-blue-with-silver-zari-accents-saree-mu2hsnwl (Royal Blue With Silver Zari Accents Saree)
2026-09-23T09:11:03.964Z     attempt 1 failed: fetch failed
2026-09-23T09:11:12.271Z     attempt 2 failed: fetch failed
2026-09-23T09:11:19.813Z     attempt 3 failed: fetch failed
2026-09-23T09:11:26.811Z     attempt 4 failed: fetch failed
2026-09-23T09:11:34.956Z     attempt 5 failed: fetch failed
2026-09-23T09:11:42.745Z     attempt 6 failed: fetch failed
2026-09-23T09:11:47.745Z     FAILED: fetch failed
2026-09-23T09:11:49.745Z --- gold-and-orange-saree-mu2hrhbx (Gold And Orange Saree)
2026-09-23T09:11:53.947Z     attempt 1 failed: fetch failed
2026-09-23T09:12:02.049Z     attempt 2 failed: fetch failed
2026-09-23T09:12:10.210Z     attempt 3 failed: fetch failed
2026-09-23T09:12:17.630Z     attempt 4 failed: fetch failed
2026-09-23T09:12:24.598Z     attempt 5 failed: fetch failed
2026-09-23T09:12:31.761Z     attempt 6 failed: fetch failed
2026-09-23T09:12:36.762Z     FAILED: fetch failed
2026-09-23T09:12:38.763Z --- orange-and-blue-with-gold-zari-accents-saree-mu2hrptp (Orange And Blue With Gold Zari Accents Saree)
2026-09-23T09:12:42.341Z     attempt 1 failed: fetch failed
2026-09-23T09:12:50.530Z     attempt 2 failed: fetch failed
2026-09-23T09:12:58.346Z     attempt 3 failed: fetch failed
2026-09-23T09:13:05.812Z     attempt 4 failed: fetch failed
2026-09-23T09:13:13.309Z     attempt 5 failed: fetch failed
2026-09-23T09:13:20.808Z     attempt 6 failed: fetch failed
2026-09-23T09:13:25.809Z     FAILED: fetch failed
2026-09-23T09:13:27.812Z --- brown-and-baby-pink-with-gold-zari-accents-saree-mu2htdbl (Brown And Baby Pink With Gold Zari Accents Saree)
2026-09-23T09:13:30.254Z     attempt 1 failed: fetch failed
2026-09-23T09:13:38.724Z     attempt 2 failed: fetch failed
2026-09-23T09:13:46.325Z     attempt 3 failed: fetch failed
2026-09-23T09:13:54.116Z     attempt 4 failed: fetch failed
2026-09-23T09:14:02.319Z     attempt 5 failed: fetch failed
2026-09-23T09:14:09.648Z     attempt 6 failed: fetch failed
2026-09-23T09:14:14.649Z     FAILED: fetch failed
2026-09-23T09:14:16.650Z --- maroon-and-gold-saree-mu2htlm8 (Maroon And Gold Saree)
2026-09-23T09:14:20.208Z     attempt 1 failed: fetch failed
2026-09-23T09:14:27.328Z     attempt 2 failed: fetch failed
2026-09-23T09:14:34.790Z     attempt 3 failed: fetch failed
2026-09-23T09:14:42.494Z     attempt 4 failed: fetch failed
2026-09-23T09:14:50.257Z     attempt 5 failed: fetch failed
2026-09-23T09:14:57.869Z     attempt 6 failed: fetch failed
2026-09-23T09:15:02.870Z     FAILED: fetch failed
2026-09-23T09:15:04.872Z --- brown-and-silver-saree-mu2httxg (Brown And Silver Saree)
2026-09-23T09:15:07.105Z     attempt 1 failed: fetch failed
2026-09-23T09:15:14.984Z     attempt 2 failed: fetch failed
2026-09-23T09:15:23.047Z     attempt 3 failed: fetch failed
2026-09-23T09:15:30.137Z     attempt 4 failed: fetch failed
2026-09-23T09:15:37.562Z     attempt 5 failed: fetch failed
2026-09-23T09:15:44.628Z     attempt 6 failed: fetch failed
2026-09-23T09:15:49.629Z     FAILED: fetch failed
2026-09-23T09:15:51.630Z --- teal-and-green-with-silver-zari-accents-saree-mu2hu27u (Teal And Green With Silver Zari Accents Saree)
2026-09-23T09:15:53.994Z     attempt 1 failed: fetch failed
2026-09-23T09:16:02.029Z     attempt 2 failed: fetch failed
2026-09-23T09:16:09.214Z     attempt 3 failed: fetch failed
2026-09-23T09:16:16.645Z     attempt 4 failed: fetch failed
2026-09-23T09:16:24.313Z     attempt 5 failed: fetch failed
2026-09-23T09:16:31.875Z     attempt 6 failed: fetch failed
2026-09-23T09:16:36.877Z     FAILED: fetch failed
2026-09-23T09:16:38.878Z --- orange-and-tan-with-gold-zari-accents-saree-mu2hub6z (Orange And Tan With Gold Zari Accents Saree)
2026-09-23T09:16:41.234Z     attempt 1 failed: fetch failed
2026-09-23T09:16:49.151Z     attempt 2 failed: fetch failed
2026-09-23T09:16:56.920Z     attempt 3 failed: fetch failed
2026-09-23T09:17:04.806Z     attempt 4 failed: fetch failed
2026-09-23T09:17:12.041Z     attempt 5 failed: fetch failed
2026-09-23T09:17:19.217Z     attempt 6 failed: fetch failed
2026-09-23T09:17:24.218Z     FAILED: fetch failed
2026-09-23T09:17:26.219Z --- teal-and-gold-saree-mu2huj8h (Teal And Gold Saree)
2026-09-23T09:17:29.023Z     attempt 1 failed: fetch failed
2026-09-23T09:17:36.774Z     attempt 2 failed: fetch failed
2026-09-23T09:17:44.589Z     attempt 3 failed: fetch failed
2026-09-23T09:17:52.546Z     attempt 4 failed: fetch failed
2026-09-23T09:17:59.518Z     attempt 5 failed: fetch failed
2026-09-23T09:18:07.255Z     attempt 6 failed: fetch failed
2026-09-23T09:18:12.255Z     FAILED: fetch failed
2026-09-23T09:18:14.256Z --- teal-and-deep-green-with-gold-zari-accents-saree-mu2hur2i (Teal And Deep Green With Gold Zari Accents Saree)
2026-09-23T09:18:17.274Z     attempt 1 failed: fetch failed
2026-09-23T09:18:24.330Z     attempt 2 failed: fetch failed
2026-09-23T09:18:32.039Z     attempt 3 failed: fetch failed
2026-09-23T09:18:43.779Z     attempt 4 failed: fetch failed
2026-09-23T09:18:51.296Z     attempt 5 failed: fetch failed
2026-09-23T09:18:58.717Z     attempt 6 failed: fetch failed
2026-09-23T09:19:03.719Z     FAILED: fetch failed
2026-09-23T09:19:05.720Z --- teal-and-green-with-silver-zari-accents-saree-mu2huze6 (Teal And Green With Silver Zari Accents Saree)
2026-09-23T09:19:08.773Z     attempt 1 failed: fetch failed
2026-09-23T09:19:16.503Z     attempt 2 failed: fetch failed
2026-09-23T09:19:24.223Z     attempt 3 failed: fetch failed
2026-09-23T09:19:31.825Z     attempt 4 failed: fetch failed
2026-09-23T09:19:39.361Z     attempt 5 failed: fetch failed
2026-09-23T09:19:46.579Z     attempt 6 failed: fetch failed
2026-09-23T09:19:51.580Z     FAILED: fetch failed
2026-09-23T09:19:53.581Z --- royal-blue-and-deep-red-with-gold-zari-accents-saree-mu2hv7t (Royal Blue And Deep Red With Gold Zari Accents Saree)
2026-09-23T09:19:56.410Z     attempt 1 failed: fetch failed
2026-09-23T09:20:03.760Z     attempt 2 failed: fetch failed
2026-09-23T09:20:11.299Z     attempt 3 failed: fetch failed
2026-09-23T09:20:19.021Z     attempt 4 failed: fetch failed
2026-09-23T09:20:27.711Z     attempt 5 failed: fetch failed
2026-09-23T09:20:35.493Z     attempt 6 failed: fetch failed
2026-09-23T09:20:40.494Z     FAILED: fetch failed
2026-09-23T09:20:42.494Z --- orange-with-gold-zari-accents-saree-mu2hvfuf (Orange With Gold Zari Accents Saree)
2026-09-23T09:20:45.865Z     attempt 1 failed: fetch failed
2026-09-23T09:20:53.163Z     attempt 2 failed: fetch failed
2026-09-23T09:21:00.217Z     attempt 3 failed: fetch failed
2026-09-23T09:21:08.281Z     attempt 4 failed: fetch failed
2026-09-23T09:21:16.086Z     attempt 5 failed: fetch failed
2026-09-23T09:21:23.579Z     attempt 6 failed: fetch failed
2026-09-23T09:21:28.580Z     FAILED: fetch failed
2026-09-23T09:21:30.580Z --- rose-pink-and-gold-saree-mu2hvofq (Rose Pink And Gold Saree)
2026-09-23T09:21:33.020Z     attempt 1 failed: fetch failed
2026-09-23T09:21:41.301Z     attempt 2 failed: fetch failed
2026-09-23T09:21:49.139Z     attempt 3 failed: fetch failed
2026-09-23T09:21:56.606Z     attempt 4 failed: fetch failed
2026-09-23T09:22:04.892Z     attempt 5 failed: fetch failed
2026-09-23T09:22:12.408Z     attempt 6 failed: fetch failed
2026-09-23T09:22:17.408Z     FAILED: fetch failed
2026-09-23T09:22:19.411Z --- violet-with-gold-zari-accents-saree-mu2hwtmz (Violet With Gold Zari Accents Saree)
2026-09-23T09:22:21.844Z     attempt 1 failed: fetch failed
2026-09-23T09:22:29.677Z     attempt 2 failed: fetch failed
2026-09-23T09:22:36.672Z     attempt 3 failed: fetch failed
2026-09-23T09:22:43.705Z     attempt 4 failed: fetch failed
2026-09-23T09:22:50.992Z     attempt 5 failed: fetch failed
2026-09-23T09:22:59.130Z     attempt 6 failed: fetch failed
2026-09-23T09:23:04.130Z     FAILED: fetch failed
2026-09-23T09:23:06.131Z --- tan-with-silver-zari-accents-saree-mu2hyolv (Tan With Silver Zari Accents Saree)
2026-09-23T09:23:09.188Z     attempt 1 failed: fetch failed
2026-09-23T09:23:16.943Z     attempt 2 failed: fetch failed
2026-09-23T09:23:24.087Z     attempt 3 failed: fetch failed
2026-09-23T09:23:31.437Z     attempt 4 failed: fetch failed
2026-09-23T09:23:38.513Z     attempt 5 failed: fetch failed
2026-09-23T09:23:46.290Z     attempt 6 failed: fetch failed
2026-09-23T09:23:51.291Z     FAILED: fetch failed
2026-09-23T09:23:53.292Z --- teal-with-gold-zari-accents-saree-mu2i0bg3 (Teal With Gold Zari Accents Saree)
2026-09-23T09:23:56.205Z     attempt 1 failed: fetch failed
2026-09-23T09:24:03.836Z     attempt 2 failed: fetch failed
2026-09-23T09:24:11.982Z     attempt 3 failed: fetch failed
2026-09-23T09:24:19.909Z     attempt 4 failed: fetch failed
2026-09-23T09:24:27.039Z     attempt 5 failed: fetch failed
2026-09-23T09:24:34.954Z     attempt 6 failed: fetch failed
2026-09-23T09:24:39.954Z     FAILED: fetch failed
2026-09-23T09:24:41.954Z --- pink-with-gold-zari-accents-saree-mu2i1yvp (Pink With Gold Zari Accents Saree)
2026-09-23T09:24:45.708Z     attempt 1 failed: fetch failed
2026-09-23T09:24:53.172Z     attempt 2 failed: fetch failed
2026-09-23T09:25:00.827Z     attempt 3 failed: fetch failed
2026-09-23T09:25:08.506Z     attempt 4 failed: fetch failed
2026-09-23T09:25:15.635Z     attempt 5 failed: fetch failed
2026-09-23T09:25:22.691Z     attempt 6 failed: fetch failed
2026-09-23T09:25:27.691Z     FAILED: fetch failed
2026-09-23T09:25:29.691Z --- orange-and-brown-with-gold-zari-accents-saree-mu2i3y3m (Orange And Brown With Gold Zari Accents Saree)
2026-09-23T09:25:32.389Z     attempt 1 failed: fetch failed
2026-09-23T09:25:40.281Z     attempt 2 failed: fetch failed
2026-09-23T09:25:47.868Z     attempt 3 failed: fetch failed
2026-09-23T09:25:54.990Z     attempt 4 failed: fetch failed
2026-09-23T09:26:02.570Z     attempt 5 failed: fetch failed
2026-09-23T09:26:09.592Z     attempt 6 failed: fetch failed
2026-09-23T09:26:14.593Z     FAILED: fetch failed
2026-09-23T09:26:16.594Z --- baby-pink-and-brown-with-gold-zari-accents-saree-mu2i4y6v (Baby Pink And Brown With Gold Zari Accents Saree)
2026-09-23T09:26:19.110Z     attempt 1 failed: fetch failed
2026-09-23T09:26:26.436Z     attempt 2 failed: fetch failed
2026-09-23T09:26:33.534Z     attempt 3 failed: fetch failed
2026-09-23T09:26:41.246Z     attempt 4 failed: fetch failed
2026-09-23T09:26:48.620Z     attempt 5 failed: fetch failed
2026-09-23T09:26:55.979Z     attempt 6 failed: fetch failed
2026-09-23T09:27:00.979Z     FAILED: fetch failed
2026-09-23T09:27:02.980Z --- green-and-silver-saree-mu2i6lt6 (Green And Silver Saree)
2026-09-23T09:27:05.859Z     attempt 1 failed: fetch failed
2026-09-23T09:27:13.052Z     attempt 2 failed: fetch failed
2026-09-23T09:27:20.609Z     attempt 3 failed: fetch failed
2026-09-23T09:27:28.687Z     attempt 4 failed: fetch failed
2026-09-23T09:27:36.111Z     attempt 5 failed: fetch failed
2026-09-23T09:27:43.213Z     attempt 6 failed: fetch failed
2026-09-23T09:27:48.217Z     FAILED: fetch failed
2026-09-23T09:27:50.217Z --- gold-and-deep-red-saree-mu2i6ueb (Gold And Deep Red Saree)
2026-09-23T09:27:53.316Z     attempt 1 failed: fetch failed
2026-09-23T09:28:01.703Z     attempt 2 failed: fetch failed
2026-09-23T09:28:09.485Z     attempt 3 failed: fetch failed
2026-09-23T09:28:16.902Z     attempt 4 failed: fetch failed
2026-09-23T09:28:24.117Z     attempt 5 failed: fetch failed
2026-09-23T09:28:31.255Z     attempt 6 failed: fetch failed
2026-09-23T09:28:36.256Z     FAILED: fetch failed
2026-09-23T09:28:38.257Z --- blue-and-brown-with-gold-zari-accents-saree-mu2hvwj2 (Blue And Brown With Gold Zari Accents Saree)
2026-09-23T09:28:41.809Z     attempt 1 failed: fetch failed
2026-09-23T09:28:48.850Z     attempt 2 failed: fetch failed
2026-09-23T09:28:56.185Z     attempt 3 failed: fetch failed
2026-09-23T09:29:04.144Z     attempt 4 failed: fetch failed
2026-09-23T09:29:11.121Z     attempt 5 failed: fetch failed
2026-09-23T09:29:18.594Z     attempt 6 failed: fetch failed
2026-09-23T09:29:23.595Z     FAILED: fetch failed
2026-09-23T09:29:25.595Z --- gold-and-red-saree-mu2hxb2a (Gold And Red Saree)
2026-09-23T09:29:28.506Z     attempt 1 failed: fetch failed
2026-09-23T09:29:36.234Z     attempt 2 failed: fetch failed
2026-09-23T09:29:44.119Z     attempt 3 failed: fetch failed
2026-09-23T09:29:51.215Z     attempt 4 failed: fetch failed
2026-09-23T09:29:58.620Z     attempt 5 failed: fetch failed
2026-09-23T09:30:05.725Z     attempt 6 failed: fetch failed
2026-09-23T09:30:10.726Z     FAILED: fetch failed
2026-09-23T09:30:12.727Z --- orange-and-gold-saree-mu2hz5gd (Orange And Gold Saree)
2026-09-23T09:30:16.009Z     attempt 1 failed: fetch failed
2026-09-23T09:30:23.432Z     attempt 2 failed: fetch failed
2026-09-23T09:30:31.070Z     attempt 3 failed: fetch failed
2026-09-23T09:30:39.631Z     attempt 4 failed: fetch failed
2026-09-23T09:30:47.382Z     attempt 5 failed: fetch failed
2026-09-23T09:30:54.993Z     attempt 6 failed: fetch failed
2026-09-23T09:30:59.993Z     FAILED: fetch failed
2026-09-23T09:31:01.996Z --- orange-and-crimson-with-gold-zari-accents-saree-mu2i1158 (Orange And Crimson With Gold Zari Accents Saree)
2026-09-23T09:31:05.275Z     attempt 1 failed: fetch failed
2026-09-23T09:31:13.053Z     attempt 2 failed: fetch failed
2026-09-23T09:31:20.688Z     attempt 3 failed: fetch failed
2026-09-23T09:31:27.794Z     attempt 4 failed: fetch failed
2026-09-23T09:31:35.173Z     attempt 5 failed: fetch failed
2026-09-23T09:31:42.897Z     attempt 6 failed: fetch failed
2026-09-23T09:31:47.897Z     FAILED: fetch failed
2026-09-23T09:31:49.898Z --- green-with-gold-zari-accents-saree-mu2i2wqo (Green With Gold Zari Accents Saree)
2026-09-23T09:31:52.686Z     attempt 1 failed: fetch failed
2026-09-23T09:32:00.208Z     attempt 2 failed: fetch failed
2026-09-23T09:32:10.299Z     attempt 3 failed: fetch failed
2026-09-23T09:32:17.918Z     attempt 4 failed: fetch failed
2026-09-23T09:32:26.420Z     attempt 5 failed: fetch failed
2026-09-23T09:32:33.934Z     attempt 6 failed: fetch failed
2026-09-23T09:32:38.934Z     FAILED: fetch failed
2026-09-23T09:32:40.935Z --- gold-and-silver-saree-mu2i5x2w (Gold And Silver Saree)
2026-09-23T09:32:44.205Z     attempt 1 failed: fetch failed
2026-09-23T09:32:52.354Z     attempt 2 failed: fetch failed
2026-09-23T09:32:59.988Z     attempt 3 failed: fetch failed
2026-09-23T09:33:08.042Z     attempt 4 failed: fetch failed
2026-09-23T09:33:15.244Z     attempt 5 failed: fetch failed
2026-09-23T09:33:23.158Z     attempt 6 failed: fetch failed
2026-09-23T09:33:28.159Z     FAILED: fetch failed
2026-09-23T09:33:30.159Z --- magenta-and-pink-with-gold-zari-accents-saree-mu2hw4rs (Magenta And Pink With Gold Zari Accents Saree)
2026-09-23T09:33:33.215Z     attempt 1 failed: fetch failed
2026-09-23T09:33:40.534Z     attempt 2 failed: fetch failed
2026-09-23T09:33:48.047Z     attempt 3 failed: fetch failed
2026-09-23T09:33:55.237Z     attempt 4 failed: fetch failed
2026-09-23T09:34:04.257Z     attempt 5 failed: fetch failed
2026-09-23T09:34:12.205Z     attempt 6 failed: fetch failed
2026-09-23T09:34:17.206Z     FAILED: fetch failed
2026-09-23T09:34:19.207Z --- brown-with-gold-zari-accents-saree-mu2hxrhi (Brown With Gold Zari Accents Saree)
2026-09-23T09:34:22.210Z     attempt 1 failed: fetch failed
2026-09-23T09:34:30.068Z     attempt 2 failed: fetch failed
2026-09-23T09:34:37.435Z     attempt 3 failed: fetch failed
2026-09-23T09:34:44.956Z     attempt 4 failed: fetch failed
2026-09-23T09:34:52.052Z     attempt 5 failed: fetch failed
2026-09-23T09:34:59.201Z     attempt 6 failed: fetch failed
2026-09-23T09:35:04.201Z     FAILED: fetch failed
2026-09-23T09:35:06.202Z --- maroon-and-orange-with-gold-zari-accents-saree-mu2hze7d (Maroon And Orange With Gold Zari Accents Saree)
2026-09-23T09:35:08.684Z     attempt 1 failed: fetch failed
2026-09-23T09:35:16.456Z     attempt 2 failed: fetch failed
2026-09-23T09:35:23.983Z     attempt 3 failed: fetch failed
2026-09-23T09:35:31.712Z     attempt 4 failed: fetch failed
2026-09-23T09:35:39.486Z     attempt 5 failed: fetch failed
2026-09-23T09:35:46.908Z     attempt 6 failed: fetch failed
2026-09-23T09:35:51.909Z     FAILED: fetch failed
2026-09-23T09:35:53.909Z --- orange-with-gold-zari-accents-saree-mu2i1qa9 (Orange With Gold Zari Accents Saree)
2026-09-23T09:35:56.784Z     attempt 1 failed: fetch failed
2026-09-23T09:36:04.086Z     attempt 2 failed: fetch failed
2026-09-23T09:36:11.372Z     attempt 3 failed: fetch failed
2026-09-23T09:36:18.732Z     attempt 4 failed: fetch failed
2026-09-23T09:36:26.021Z     attempt 5 failed: fetch failed
2026-09-23T09:36:33.649Z     attempt 6 failed: fetch failed
2026-09-23T09:36:38.650Z     FAILED: fetch failed
2026-09-23T09:36:40.651Z --- teal-and-silver-saree-mu2i4pz9 (Teal And Silver Saree)
2026-09-23T09:36:43.143Z     attempt 1 failed: fetch failed
2026-09-23T09:36:50.376Z     attempt 2 failed: fetch failed
2026-09-23T09:36:58.259Z     attempt 3 failed: fetch failed
2026-09-23T09:37:05.723Z     attempt 4 failed: fetch failed
2026-09-23T09:37:14.112Z     attempt 5 failed: fetch failed
2026-09-23T09:37:21.217Z     attempt 6 failed: fetch failed
2026-09-23T09:37:26.217Z     FAILED: fetch failed
2026-09-23T09:37:28.218Z --- gold-saree-mu2i7boe (Gold Saree)
2026-09-23T09:37:31.034Z     attempt 1 failed: fetch failed
2026-09-23T09:37:38.839Z     attempt 2 failed: fetch failed
2026-09-23T09:37:46.660Z     attempt 3 failed: fetch failed
2026-09-23T09:37:54.658Z     attempt 4 failed: fetch failed
2026-09-23T09:38:01.923Z     attempt 5 failed: fetch failed
2026-09-23T09:38:09.181Z     attempt 6 failed: fetch failed
2026-09-23T09:38:14.182Z     FAILED: fetch failed
2026-09-23T09:38:16.182Z --- rose-pink-and-magenta-with-gold-zari-accents-saree-mu2i7kkn (Rose Pink And Magenta With Gold Zari Accents Saree)
2026-09-23T09:38:19.215Z     attempt 1 failed: fetch failed
2026-09-23T09:38:27.087Z     attempt 2 failed: fetch failed
2026-09-23T09:38:34.881Z     attempt 3 failed: fetch failed
2026-09-23T09:38:41.930Z     attempt 4 failed: fetch failed
2026-09-23T09:38:49.834Z     attempt 5 failed: fetch failed
2026-09-23T09:38:56.956Z     attempt 6 failed: fetch failed
2026-09-23T09:39:01.956Z     FAILED: fetch failed
2026-09-23T09:39:03.958Z --- mustard-yellow-and-brown-with-gold-zari-accents-saree-mu2hwd (Mustard Yellow And Brown With Gold Zari Accents Saree)
2026-09-23T09:39:06.352Z     attempt 1 failed: fetch failed
2026-09-23T09:39:14.238Z     attempt 2 failed: fetch failed
2026-09-23T09:39:21.499Z     attempt 3 failed: fetch failed
2026-09-23T09:39:28.918Z     attempt 4 failed: fetch failed
2026-09-23T09:39:36.387Z     attempt 5 failed: fetch failed
2026-09-23T09:39:43.567Z     attempt 6 failed: fetch failed
2026-09-23T09:39:48.568Z     FAILED: fetch failed
2026-09-23T09:39:50.569Z --- pink-and-orange-with-gold-zari-accents-saree-mu2hy86g (Pink And Orange With Gold Zari Accents Saree)
2026-09-23T09:39:53.254Z     attempt 1 failed: fetch failed
2026-09-23T09:40:00.447Z     attempt 2 failed: fetch failed
2026-09-23T09:40:08.159Z     attempt 3 failed: fetch failed
2026-09-23T09:40:15.769Z     attempt 4 failed: fetch failed
2026-09-23T09:40:23.757Z     attempt 5 failed: fetch failed
2026-09-23T09:40:31.835Z     attempt 6 failed: fetch failed
2026-09-23T09:40:36.836Z     FAILED: fetch failed
2026-09-23T09:40:38.837Z --- royal-blue-and-orange-with-gold-zari-accents-saree-mu2i031t (Royal Blue And Orange With Gold Zari Accents Saree)
2026-09-23T09:40:52.662Z     attempt 1 failed: fetch failed
2026-09-23T09:41:00.636Z     attempt 2 failed: fetch failed
2026-09-23T09:41:08.562Z     attempt 3 failed: fetch failed
2026-09-23T09:41:16.242Z     attempt 4 failed: fetch failed
2026-09-23T09:41:23.751Z     attempt 5 failed: fetch failed
2026-09-23T09:41:31.163Z     attempt 6 failed: fetch failed
2026-09-23T09:41:36.163Z     FAILED: fetch failed
2026-09-23T09:41:38.163Z --- orange-and-brown-with-gold-zari-accents-saree-mu2i27ha (Orange And Brown With Gold Zari Accents Saree)
2026-09-23T09:41:41.204Z     attempt 1 failed: fetch failed
2026-09-23T09:41:48.783Z     attempt 2 failed: fetch failed
2026-09-23T09:41:56.441Z     attempt 3 failed: fetch failed
2026-09-23T09:42:04.537Z     attempt 4 failed: fetch failed
2026-09-23T09:42:11.631Z     attempt 5 failed: fetch failed
2026-09-23T09:42:19.201Z     attempt 6 failed: fetch failed
2026-09-23T09:42:24.202Z     FAILED: fetch failed
2026-09-23T09:42:26.202Z --- orange-and-brown-with-silver-zari-accents-saree-mu2i2fvc (Orange And Brown With Silver Zari Accents Saree)
2026-09-23T09:42:28.631Z     attempt 1 failed: fetch failed
2026-09-23T09:42:36.242Z     attempt 2 failed: fetch failed
2026-09-23T09:42:43.854Z     attempt 3 failed: fetch failed
2026-09-23T09:42:51.363Z     attempt 4 failed: fetch failed
2026-09-23T09:42:58.861Z     attempt 5 failed: fetch failed
2026-09-23T09:43:06.885Z     attempt 6 failed: fetch failed
2026-09-23T09:43:11.886Z     FAILED: fetch failed
2026-09-23T09:43:13.887Z --- pink-and-deep-red-with-gold-zari-accents-saree-mu2i4hb3 (Pink And Deep Red With Gold Zari Accents Saree)
2026-09-23T09:43:17.195Z     attempt 1 failed: fetch failed
2026-09-23T09:43:25.298Z     attempt 2 failed: fetch failed
2026-09-23T09:43:33.234Z     attempt 3 failed: fetch failed
2026-09-23T09:43:41.142Z     attempt 4 failed: fetch failed
2026-09-23T09:43:48.701Z     attempt 5 failed: fetch failed
2026-09-23T09:43:56.193Z     attempt 6 failed: fetch failed
2026-09-23T09:44:01.193Z     FAILED: fetch failed
2026-09-23T09:44:03.196Z --- crimson-and-baby-pink-with-silver-zari-accents-saree-mu2i56x (Crimson And Baby Pink With Silver Zari Accents Saree)
2026-09-23T09:44:05.974Z     attempt 1 failed: fetch failed
2026-09-23T09:44:13.341Z     attempt 2 failed: fetch failed
2026-09-23T09:44:20.790Z     attempt 3 failed: fetch failed
2026-09-23T09:44:28.989Z     attempt 4 failed: fetch failed
2026-09-23T09:44:36.764Z     attempt 5 failed: fetch failed
2026-09-23T09:44:43.960Z     attempt 6 failed: fetch failed
2026-09-23T09:44:48.961Z     FAILED: fetch failed
2026-09-23T09:44:50.962Z --- brown-and-gold-saree-mu2i5gf1 (Brown And Gold Saree)
2026-09-23T09:44:53.266Z     attempt 1 failed: fetch failed
2026-09-23T09:45:00.371Z     attempt 2 failed: fetch failed
2026-09-23T09:45:08.363Z     attempt 3 failed: fetch failed
2026-09-23T09:45:16.110Z     attempt 4 failed: fetch failed
2026-09-23T09:45:23.927Z     attempt 5 failed: fetch failed
2026-09-23T09:45:31.121Z     attempt 6 failed: fetch failed
2026-09-23T09:45:36.121Z     FAILED: fetch failed
2026-09-23T09:45:38.122Z --- magenta-and-pink-with-gold-zari-accents-saree-mu2i72wg (Magenta And Pink With Gold Zari Accents Saree)
2026-09-23T09:45:40.534Z     attempt 1 failed: fetch failed
2026-09-23T09:45:49.140Z     attempt 2 failed: fetch failed
2026-09-23T09:45:56.723Z     attempt 3 failed: fetch failed
2026-09-23T09:46:03.890Z     attempt 4 failed: fetch failed
2026-09-23T09:46:11.876Z     attempt 5 failed: fetch failed
2026-09-23T09:46:19.896Z     attempt 6 failed: fetch failed
2026-09-23T09:46:24.897Z     FAILED: fetch failed
2026-09-23T09:46:26.898Z --- red-and-orange-with-gold-zari-accents-saree-mu2hwlka (Red And Orange With Gold Zari Accents Saree)
2026-09-23T09:46:29.901Z     attempt 1 failed: fetch failed
2026-09-23T09:46:37.827Z     attempt 2 failed: fetch failed
2026-09-23T09:46:45.319Z     attempt 3 failed: fetch failed
2026-09-23T09:46:53.022Z     attempt 4 failed: fetch failed
2026-09-23T09:47:00.706Z     attempt 5 failed: fetch failed
2026-09-23T09:47:07.810Z     attempt 6 failed: fetch failed
2026-09-23T09:47:12.811Z     FAILED: fetch failed
2026-09-23T09:47:14.811Z --- pink-and-deep-red-with-gold-zari-accents-saree-mu2hygf0 (Pink And Deep Red With Gold Zari Accents Saree)
2026-09-23T09:47:17.550Z     attempt 1 failed: fetch failed
2026-09-23T09:47:25.128Z     attempt 2 failed: fetch failed
2026-09-23T09:47:32.989Z     attempt 3 failed: fetch failed
2026-09-23T09:47:40.142Z     attempt 4 failed: fetch failed
2026-09-23T09:47:47.576Z     attempt 5 failed: fetch failed
2026-09-23T09:47:54.701Z     attempt 6 failed: fetch failed
2026-09-23T09:47:59.701Z     FAILED: fetch failed
2026-09-23T09:48:01.702Z --- yellow-and-orange-with-gold-zari-accents-saree-mu2i0js3 (Yellow And Orange With Gold Zari Accents Saree)
2026-09-23T09:48:04.593Z     attempt 1 failed: fetch failed
2026-09-23T09:48:12.531Z     attempt 2 failed: fetch failed
2026-09-23T09:48:21.376Z     attempt 3 failed: fetch failed
2026-09-23T09:48:28.896Z     attempt 4 failed: fetch failed
2026-09-23T09:48:36.261Z     attempt 5 failed: fetch failed
2026-09-23T09:48:43.971Z     attempt 6 failed: fetch failed
2026-09-23T09:48:48.971Z     FAILED: fetch failed
2026-09-23T09:48:50.973Z --- yellow-and-gold-saree-mu2i474v (Yellow And Gold Saree)
2026-09-23T09:48:54.339Z     attempt 1 failed: fetch failed
2026-09-23T09:49:01.317Z     attempt 2 failed: fetch failed
2026-09-23T09:49:09.530Z     attempt 3 failed: fetch failed
2026-09-23T09:49:17.168Z     attempt 4 failed: fetch failed
2026-09-23T09:49:24.258Z     attempt 5 failed: fetch failed
2026-09-23T09:49:32.094Z     attempt 6 failed: fetch failed
2026-09-23T09:49:37.096Z     FAILED: fetch failed
2026-09-23T09:49:39.096Z --- orange-and-gold-saree-mu2i6dct (Orange And Gold Saree)
2026-09-23T09:49:42.149Z     attempt 1 failed: fetch failed
2026-09-23T09:49:49.569Z     attempt 2 failed: fetch failed
2026-09-23T09:49:56.897Z     attempt 3 failed: fetch failed
2026-09-23T09:50:05.251Z     attempt 4 failed: fetch failed
2026-09-23T09:50:12.784Z     attempt 5 failed: fetch failed
2026-09-23T09:50:20.328Z     attempt 6 failed: fetch failed
2026-09-23T09:50:25.329Z     FAILED: fetch failed
2026-09-23T09:50:27.329Z --- crimson-with-gold-zari-accents-saree-mu2hx25l (Crimson With Gold Zari Accents Saree)
2026-09-23T09:50:30.353Z     attempt 1 failed: fetch failed
2026-09-23T09:50:37.890Z     attempt 2 failed: fetch failed
2026-09-23T09:50:45.520Z     attempt 3 failed: fetch failed
2026-09-23T09:50:53.549Z     attempt 4 failed: fetch failed
2026-09-23T09:51:01.140Z     attempt 5 failed: fetch failed
2026-09-23T09:51:08.518Z     attempt 6 failed: fetch failed
2026-09-23T09:51:13.518Z     FAILED: fetch failed
2026-09-23T09:51:15.520Z --- deep-green-and-gold-saree-mu2hyxgi (Deep Green And Gold Saree)
2026-09-23T09:51:18.359Z     attempt 1 failed: fetch failed
2026-09-23T09:51:26.177Z     attempt 2 failed: fetch failed
2026-09-23T09:51:33.734Z     attempt 3 failed: fetch failed
2026-09-23T09:51:41.736Z     attempt 4 failed: fetch failed
2026-09-23T09:51:49.207Z     attempt 5 failed: fetch failed
2026-09-23T09:51:57.313Z     attempt 6 failed: fetch failed
2026-09-23T09:52:02.314Z     FAILED: fetch failed
2026-09-23T09:52:04.315Z --- gold-and-green-saree-mu2i0sey (Gold And Green Saree)
2026-09-23T09:52:08.136Z     attempt 1 failed: fetch failed
2026-09-23T09:52:16.818Z     attempt 2 failed: fetch failed
2026-09-23T09:52:25.170Z     attempt 3 failed: fetch failed
2026-09-23T11:52:34.663Z === batch start: 0 products ===
2026-09-23T11:52:34.665Z === batch end: 0 complete / 0 partial / 0 failed ===
2026-09-23T11:52:34.859Z === batch start: 0 products ===
2026-09-23T11:52:34.860Z === batch end: 0 complete / 0 partial / 0 failed ===
2026-09-23T11:52:35.058Z === batch start: 0 products ===
2026-09-23T11:52:35.059Z === batch end: 0 complete / 0 partial / 0 failed ===
2026-09-23T13:52:41.179Z     re-logged in as admin (token refresh)
2026-09-23T13:52:43.125Z === batch start: 1 products ===
2026-09-23T13:52:43.126Z --- orange-and-tan-with-gold-zari-accents-saree-mu2gzm7b (Orange And Tan With Gold Zari Accents Saree)
2026-09-23T13:52:47.944Z     attempt 1 failed: fetch failed
2026-09-23T13:52:57.076Z     attempt 2 failed: fetch failed
2026-09-23T13:53:05.995Z     attempt 3 failed: fetch failed
2026-09-23T13:53:13.876Z     attempt 4 failed: fetch failed
2026-09-23T13:53:21.612Z     attempt 5 failed: fetch failed
2026-09-23T13:53:29.019Z     attempt 6 failed: fetch failed
2026-09-23T13:53:34.019Z     FAILED: fetch failed
2026-09-23T13:53:36.023Z === batch end: 0 complete / 0 partial / 1 failed ===
2026-09-23T13:53:37.267Z === batch start: 0 products ===
2026-09-23T13:53:37.268Z === batch end: 0 complete / 0 partial / 0 failed ===
2026-09-23T13:53:38.492Z === batch start: 99 products ===
2026-09-23T13:53:38.494Z --- violet-with-gold-zari-accents-saree-mu2h1t71 (Violet With Gold Zari Accents Saree)
2026-09-23T13:53:41.113Z     attempt 1 failed: fetch failed
2026-09-23T13:53:48.760Z     attempt 2 failed: fetch failed
2026-09-23T13:53:56.355Z     attempt 3 failed: fetch failed
2026-09-23T13:54:04.000Z     attempt 4 failed: fetch failed
2026-09-23T13:54:12.016Z     attempt 5 failed: fetch failed
2026-09-23T13:54:19.614Z     attempt 6 failed: fetch failed
2026-09-23T13:54:24.616Z     FAILED: fetch failed
2026-09-23T13:54:26.616Z --- crimson-with-gold-zari-accents-saree-mu2h205p (Crimson With Gold Zari Accents Saree)
2026-09-23T13:54:29.895Z     attempt 1 failed: fetch failed
2026-09-23T13:54:37.630Z     attempt 2 failed: fetch failed
2026-09-23T13:54:45.717Z     attempt 3 failed: fetch failed
2026-09-23T13:54:53.152Z     attempt 4 failed: fetch failed
2026-09-23T13:55:00.407Z     attempt 5 failed: fetch failed
2026-09-23T13:55:07.980Z     attempt 6 failed: fetch failed
2026-09-23T13:55:12.981Z     FAILED: fetch failed
2026-09-23T13:55:14.984Z --- pink-and-deep-red-with-gold-zari-accents-saree-mu2h3702 (Pink And Deep Red With Gold Zari Accents Saree)
2026-09-23T13:55:17.730Z     attempt 1 failed: fetch failed
2026-09-23T13:55:25.429Z     attempt 2 failed: fetch failed
2026-09-23T13:55:32.827Z     attempt 3 failed: fetch failed
2026-09-23T13:55:40.529Z     attempt 4 failed: fetch failed
2026-09-23T13:55:48.030Z     attempt 5 failed: fetch failed
2026-09-23T13:55:55.518Z     attempt 6 failed: fetch failed
2026-09-23T13:56:00.518Z     FAILED: fetch failed
2026-09-23T13:56:02.518Z --- teal-with-gold-zari-accents-saree-mu2h2ey6 (Teal With Gold Zari Accents Saree)
2026-09-23T13:56:05.275Z     attempt 1 failed: fetch failed
2026-09-23T13:56:20.137Z     attempt 2 failed: fetch failed
2026-09-23T13:56:27.787Z     attempt 3 failed: fetch failed
2026-09-23T13:56:35.219Z     attempt 4 failed: fetch failed
2026-09-23T13:56:42.457Z     attempt 5 failed: fetch failed
2026-09-23T13:56:49.480Z     attempt 6 failed: fetch failed
2026-09-23T13:56:54.482Z     FAILED: fetch failed
2026-09-23T13:56:56.482Z --- crimson-and-brown-with-gold-zari-accents-saree-mu2h7av8 (Crimson And Brown With Gold Zari Accents Saree)
2026-09-23T13:56:59.424Z     attempt 1 failed: fetch failed
2026-09-23T13:57:06.768Z     attempt 2 failed: fetch failed
2026-09-23T13:57:14.165Z     attempt 3 failed: fetch failed
2026-09-23T13:57:21.338Z     attempt 4 failed: fetch failed
2026-09-23T13:57:28.399Z     attempt 5 failed: fetch failed
2026-09-23T13:57:35.748Z     attempt 6 failed: fetch failed
2026-09-23T13:57:40.750Z     FAILED: fetch failed
2026-09-23T13:57:42.750Z --- magenta-and-deep-red-with-silver-zari-accents-saree-mu2hkzqt (Magenta And Deep Red With Silver Zari Accents Saree)
2026-09-23T13:57:45.410Z     attempt 1 failed: fetch failed
2026-09-23T13:57:52.721Z     attempt 2 failed: fetch failed
2026-09-23T13:57:59.856Z     attempt 3 failed: fetch failed
2026-09-23T13:58:07.231Z     attempt 4 failed: fetch failed
2026-09-23T13:58:15.057Z     attempt 5 failed: fetch failed
2026-09-23T13:58:22.231Z     attempt 6 failed: fetch failed
2026-09-23T13:58:27.232Z     FAILED: fetch failed
2026-09-23T13:58:29.232Z --- orange-and-gold-saree-mu2hl8t9 (Orange And Gold Saree)
2026-09-23T13:58:31.577Z     attempt 1 failed: fetch failed
2026-09-23T13:58:39.063Z     attempt 2 failed: fetch failed
2026-09-23T13:58:46.558Z     attempt 3 failed: fetch failed
2026-09-23T13:58:54.059Z     attempt 4 failed: fetch failed
2026-09-23T13:59:02.135Z     attempt 5 failed: fetch failed
2026-09-23T13:59:10.489Z     attempt 6 failed: fetch failed
2026-09-23T13:59:15.489Z     FAILED: fetch failed
2026-09-23T13:59:17.490Z --- blue-and-silver-saree-mu2hlhs1 (Blue And Silver Saree)
2026-09-23T13:59:21.213Z     attempt 1 failed: fetch failed
2026-09-23T13:59:28.987Z     attempt 2 failed: fetch failed
2026-09-23T13:59:36.677Z     attempt 3 failed: fetch failed
2026-09-23T13:59:43.770Z     attempt 4 failed: fetch failed
2026-09-23T13:59:51.332Z     attempt 5 failed: fetch failed
2026-09-23T13:59:59.664Z     attempt 6 failed: fetch failed
2026-09-23T14:00:04.665Z     FAILED: fetch failed
2026-09-23T14:00:06.665Z --- silver-saree-mu2hlqdz (Silver Saree)
2026-09-23T14:00:10.662Z     attempt 1 failed: fetch failed
2026-09-23T14:00:18.802Z     attempt 2 failed: fetch failed
2026-09-23T14:00:26.425Z     attempt 3 failed: fetch failed
2026-09-23T14:00:34.451Z     attempt 4 failed: fetch failed
2026-09-23T14:00:42.072Z     attempt 5 failed: fetch failed
2026-09-23T14:00:49.642Z     attempt 6 failed: fetch failed
2026-09-23T14:00:54.644Z     FAILED: fetch failed
2026-09-23T14:00:56.644Z --- tan-and-crimson-with-gold-zari-accents-saree-mu2hlzav (Tan And Crimson With Gold Zari Accents Saree)
2026-09-23T14:00:59.680Z     attempt 1 failed: fetch failed
2026-09-23T14:01:07.359Z     attempt 2 failed: fetch failed
2026-09-23T14:01:14.737Z     attempt 3 failed: fetch failed
2026-09-23T14:01:22.731Z     attempt 4 failed: fetch failed
2026-09-23T14:01:30.120Z     attempt 5 failed: fetch failed
2026-09-23T14:01:37.779Z     attempt 6 failed: fetch failed
2026-09-23T14:01:42.780Z     FAILED: fetch failed
2026-09-23T14:01:44.780Z --- tan-with-gold-zari-accents-saree-mu2hm7pf (Tan With Gold Zari Accents Saree)
2026-09-23T14:01:48.853Z     attempt 1 failed: fetch failed
2026-09-23T14:01:57.092Z     attempt 2 failed: fetch failed
2026-09-23T14:02:06.830Z     attempt 3 failed: fetch failed
2026-09-23T14:02:14.122Z     attempt 4 failed: fetch failed
2026-09-23T14:02:27.959Z     attempt 5 failed: fetch failed
2026-09-23T14:02:37.430Z     attempt 6 failed: fetch failed
2026-09-23T14:02:42.430Z     FAILED: fetch failed
2026-09-23T14:02:44.431Z --- baby-pink-and-deep-green-with-gold-zari-accents-saree-mu2hmg (Baby Pink And Deep Green With Gold Zari Accents Saree)
2026-09-23T14:02:48.108Z     attempt 1 failed: fetch failed
2026-09-23T14:02:55.690Z     attempt 2 failed: fetch failed
2026-09-23T14:03:03.565Z     attempt 3 failed: fetch failed
2026-09-23T14:03:11.324Z     attempt 4 failed: fetch failed
2026-09-23T14:03:20.620Z     attempt 5 failed: fetch failed
2026-09-23T14:03:28.246Z     attempt 6 failed: fetch failed
2026-09-23T14:03:33.246Z     FAILED: fetch failed
2026-09-23T14:03:35.247Z --- teal-with-gold-zari-accents-saree-mu2hmp9l (Teal With Gold Zari Accents Saree)
2026-09-23T14:03:38.389Z     attempt 1 failed: fetch failed
2026-09-23T14:03:46.636Z     attempt 2 failed: fetch failed
2026-09-23T14:03:54.918Z     attempt 3 failed: fetch failed
2026-09-23T14:04:02.463Z     attempt 4 failed: fetch failed
2026-09-23T14:04:10.231Z     attempt 5 failed: fetch failed
2026-09-23T14:04:18.389Z     attempt 6 failed: fetch failed
2026-09-23T14:04:23.389Z     FAILED: fetch failed
2026-09-23T14:04:25.389Z --- orange-and-crimson-with-silver-zari-accents-saree-mu2hmy1m (Orange And Crimson With Silver Zari Accents Saree)
2026-09-23T14:04:28.414Z     attempt 1 failed: fetch failed
2026-09-23T14:04:35.964Z     attempt 2 failed: fetch failed
2026-09-23T14:04:43.540Z     attempt 3 failed: fetch failed
2026-09-23T14:04:50.943Z     attempt 4 failed: fetch failed
2026-09-23T14:04:58.120Z     attempt 5 failed: fetch failed
2026-09-23T14:05:05.300Z     attempt 6 failed: fetch failed
2026-09-23T14:05:10.300Z     FAILED: fetch failed
2026-09-23T14:05:12.301Z --- tan-and-baby-pink-with-gold-zari-accents-saree-mu2hn6u0 (Tan And Baby Pink With Gold Zari Accents Saree)
2026-09-23T14:05:15.149Z     attempt 1 failed: fetch failed
2026-09-23T14:05:22.961Z     attempt 2 failed: fetch failed
2026-09-23T14:05:30.142Z     attempt 3 failed: fetch failed
2026-09-23T14:05:37.322Z     attempt 4 failed: fetch failed
2026-09-23T14:05:45.017Z     attempt 5 failed: fetch failed
2026-09-23T14:05:52.364Z     attempt 6 failed: fetch failed
2026-09-23T14:05:57.365Z     FAILED: fetch failed
2026-09-23T14:05:59.366Z --- blue-and-orange-with-gold-zari-accents-saree-mu2hnfa7 (Blue And Orange With Gold Zari Accents Saree)
2026-09-23T14:06:01.718Z     attempt 1 failed: fetch failed
2026-09-23T14:06:08.853Z     attempt 2 failed: fetch failed
2026-09-23T14:06:16.638Z     attempt 3 failed: fetch failed
2026-09-23T14:06:23.770Z     attempt 4 failed: fetch failed
2026-09-23T14:06:30.950Z     attempt 5 failed: fetch failed
2026-09-23T14:06:38.265Z     attempt 6 failed: fetch failed
2026-09-23T14:06:43.265Z     FAILED: fetch failed
2026-09-23T14:06:45.265Z --- deep-red-and-brown-with-silver-zari-accents-saree-mu2hnuic (Deep Red And Brown With Silver Zari Accents Saree)
2026-09-23T14:06:48.168Z     attempt 1 failed: fetch failed
2026-09-23T14:06:55.893Z     attempt 2 failed: fetch failed
2026-09-23T14:07:03.488Z     attempt 3 failed: fetch failed
2026-09-23T14:07:10.970Z     attempt 4 failed: fetch failed
2026-09-23T14:07:18.692Z     attempt 5 failed: fetch failed
2026-09-23T14:07:26.629Z     attempt 6 failed: fetch failed
2026-09-23T14:07:31.630Z     FAILED: fetch failed
2026-09-23T14:07:33.632Z --- red-and-orange-with-gold-zari-accents-saree-mu2hocq9 (Red And Orange With Gold Zari Accents Saree)
2026-09-23T14:07:36.474Z     attempt 1 failed: fetch failed
2026-09-23T14:07:43.574Z     attempt 2 failed: fetch failed
2026-09-23T14:07:51.283Z     attempt 3 failed: fetch failed
2026-09-23T14:07:58.993Z     attempt 4 failed: fetch failed
2026-09-23T14:08:06.053Z     attempt 5 failed: fetch failed
2026-09-23T14:08:14.008Z     attempt 6 failed: fetch failed
2026-09-23T14:08:19.008Z     FAILED: fetch failed
2026-09-23T14:08:21.012Z --- royal-blue-and-crimson-with-silver-zari-accents-saree-mu2hom (Royal Blue And Crimson With Silver Zari Accents Saree)
2026-09-23T14:08:23.475Z     attempt 1 failed: fetch failed
2026-09-23T14:08:30.829Z     attempt 2 failed: fetch failed
2026-09-23T14:08:38.729Z     attempt 3 failed: fetch failed
2026-09-23T14:08:46.251Z     attempt 4 failed: fetch failed
2026-09-23T14:08:53.629Z     attempt 5 failed: fetch failed
2026-09-23T14:09:00.797Z     attempt 6 failed: fetch failed
2026-09-23T14:09:05.797Z     FAILED: fetch failed
2026-09-23T14:09:07.799Z --- royal-blue-and-crimson-with-gold-zari-accents-saree-mu2hpckh (Royal Blue And Crimson With Gold Zari Accents Saree)
2026-09-23T14:09:10.726Z     attempt 1 failed: fetch failed
2026-09-23T14:09:18.356Z     attempt 2 failed: fetch failed
2026-09-23T14:09:25.950Z     attempt 3 failed: fetch failed
2026-09-23T14:09:33.442Z     attempt 4 failed: fetch failed
2026-09-23T14:09:40.823Z     attempt 5 failed: fetch failed
2026-09-23T14:09:48.295Z     attempt 6 failed: fetch failed
2026-09-23T14:09:53.296Z     FAILED: fetch failed
2026-09-23T14:09:55.297Z --- silver-saree-mu2hplo0 (Silver Saree)
2026-09-23T14:09:57.640Z     attempt 1 failed: fetch failed
2026-09-23T14:10:05.839Z     attempt 2 failed: fetch failed
2026-09-23T14:10:13.221Z     attempt 3 failed: fetch failed
2026-09-23T14:10:20.492Z     attempt 4 failed: fetch failed
2026-09-23T14:10:28.672Z     attempt 5 failed: fetch failed
2026-09-23T14:10:35.831Z     attempt 6 failed: fetch failed
2026-09-23T14:10:40.831Z     FAILED: fetch failed
2026-09-23T14:10:42.831Z --- royal-blue-and-gold-saree-mu2hqb0t (Royal Blue And Gold Saree)
2026-09-23T14:10:46.146Z     attempt 1 failed: fetch failed
2026-09-23T14:10:54.330Z     attempt 2 failed: fetch failed
2026-09-23T14:11:01.768Z     attempt 3 failed: fetch failed
2026-09-23T14:11:09.234Z     attempt 4 failed: fetch failed
2026-09-23T14:11:16.577Z     attempt 5 failed: fetch failed
2026-09-23T14:11:23.660Z     attempt 6 failed: fetch failed
2026-09-23T14:11:28.661Z     FAILED: fetch failed
2026-09-23T14:11:30.662Z --- orange-with-gold-zari-accents-saree-mu2hp3kg (Orange With Gold Zari Accents Saree)
2026-09-23T14:11:33.128Z     attempt 1 failed: fetch failed
2026-09-23T14:11:40.947Z     attempt 2 failed: fetch failed
2026-09-23T14:11:48.670Z     attempt 3 failed: fetch failed
2026-09-23T14:11:56.399Z     attempt 4 failed: fetch failed
2026-09-23T14:12:03.558Z     attempt 5 failed: fetch failed
2026-09-23T14:12:11.510Z     attempt 6 failed: fetch failed
2026-09-23T14:12:16.511Z     FAILED: fetch failed
2026-09-23T14:12:18.512Z --- orange-and-deep-green-with-gold-zari-accents-saree-mu2hq28s (Orange And Deep Green With Gold Zari Accents Saree)
2026-09-23T14:12:20.910Z     attempt 1 failed: fetch failed
2026-09-23T14:12:28.615Z     attempt 2 failed: fetch failed
2026-09-23T14:12:36.247Z     attempt 3 failed: fetch failed
2026-09-23T14:12:43.663Z     attempt 4 failed: fetch failed
2026-09-23T14:12:52.039Z     attempt 5 failed: fetch failed
2026-09-23T14:12:59.654Z     attempt 6 failed: fetch failed
2026-09-23T14:13:04.654Z     FAILED: fetch failed
2026-09-23T14:13:06.655Z --- gold-and-deep-red-saree-mu2hs74h (Gold And Deep Red Saree)
2026-09-23T14:13:09.489Z     attempt 1 failed: fetch failed
2026-09-23T14:13:17.943Z     attempt 2 failed: fetch failed
2026-09-23T14:13:25.390Z     attempt 3 failed: fetch failed
2026-09-23T14:13:32.894Z     attempt 4 failed: fetch failed
2026-09-23T14:13:40.642Z     attempt 5 failed: fetch failed
2026-09-23T14:13:48.218Z     attempt 6 failed: fetch failed
2026-09-23T14:13:53.218Z     FAILED: fetch failed
2026-09-23T14:13:55.219Z --- yellow-with-gold-zari-accents-saree-mu2hsfpk (Yellow With Gold Zari Accents Saree)
2026-09-23T14:13:57.405Z     attempt 1 failed: fetch failed
2026-09-23T14:14:04.861Z     attempt 2 failed: fetch failed
2026-09-23T14:14:12.319Z     attempt 3 failed: fetch failed
2026-09-23T14:14:19.606Z     attempt 4 failed: fetch failed
2026-09-23T14:14:27.061Z     attempt 5 failed: fetch failed
2026-09-23T14:14:34.513Z     attempt 6 failed: fetch failed
2026-09-23T14:14:39.515Z     FAILED: fetch failed
2026-09-23T14:14:41.516Z --- crimson-and-teal-saree-mu2houmy (Crimson And Teal Saree)
2026-09-23T14:14:43.978Z     attempt 1 failed: fetch failed
2026-09-23T14:14:51.819Z     attempt 2 failed: fetch failed
2026-09-23T14:14:59.223Z     attempt 3 failed: fetch failed
2026-09-23T14:15:07.667Z     attempt 4 failed: fetch failed
2026-09-23T14:15:15.240Z     attempt 5 failed: fetch failed
2026-09-23T14:15:22.968Z     attempt 6 failed: fetch failed
2026-09-23T14:15:27.969Z     FAILED: fetch failed
2026-09-23T14:15:29.969Z --- magenta-and-brown-with-silver-zari-accents-saree-mu2hptxg (Magenta And Brown With Silver Zari Accents Saree)
2026-09-23T14:15:32.760Z     attempt 1 failed: fetch failed
2026-09-23T14:15:40.673Z     attempt 2 failed: fetch failed
2026-09-23T14:15:48.110Z     attempt 3 failed: fetch failed
2026-09-23T14:15:55.416Z     attempt 4 failed: fetch failed
2026-09-23T14:16:02.836Z     attempt 5 failed: fetch failed
2026-09-23T14:16:09.933Z     attempt 6 failed: fetch failed
2026-09-23T14:16:14.934Z     FAILED: fetch failed
2026-09-23T14:16:16.936Z --- rose-pink-and-magenta-with-gold-zari-accents-saree-mu2hqs1u (Rose Pink And Magenta With Gold Zari Accents Saree)
2026-09-23T14:16:19.766Z     attempt 1 failed: fetch failed
2026-09-23T14:16:27.489Z     attempt 2 failed: fetch failed
2026-09-23T14:16:35.039Z     attempt 3 failed: fetch failed
2026-09-23T14:16:42.438Z     attempt 4 failed: fetch failed
2026-09-23T14:16:49.615Z     attempt 5 failed: fetch failed
2026-09-23T14:16:56.690Z     attempt 6 failed: fetch failed
2026-09-23T14:17:01.692Z     FAILED: fetch failed
2026-09-23T14:17:03.693Z --- teal-and-blue-with-gold-zari-accents-saree-mu2hr8ne (Teal And Blue With Gold Zari Accents Saree)
2026-09-23T14:17:06.093Z     attempt 1 failed: fetch failed
2026-09-23T14:17:14.406Z     attempt 2 failed: fetch failed
2026-09-23T14:17:21.799Z     attempt 3 failed: fetch failed
2026-09-23T14:17:29.940Z     attempt 4 failed: fetch failed
2026-09-23T14:17:36.977Z     attempt 5 failed: fetch failed
2026-09-23T14:17:43.986Z     attempt 6 failed: fetch failed
2026-09-23T14:17:48.987Z     FAILED: fetch failed
2026-09-23T14:17:50.988Z --- gold-and-red-saree-mu2hry99 (Gold And Red Saree)
2026-09-23T14:17:53.826Z     attempt 1 failed: fetch failed
2026-09-23T14:18:01.651Z     attempt 2 failed: fetch failed
2026-09-23T14:18:09.638Z     attempt 3 failed: fetch failed
2026-09-23T14:18:17.153Z     attempt 4 failed: fetch failed
2026-09-23T14:18:24.298Z     attempt 5 failed: fetch failed
2026-09-23T14:18:32.567Z     attempt 6 failed: fetch failed
2026-09-23T14:18:37.568Z     FAILED: fetch failed
2026-09-23T14:18:39.568Z --- teal-and-violet-with-silver-zari-accents-saree-mu2hsweu (Teal And Violet With Silver Zari Accents Saree)
2026-09-23T14:18:42.508Z     attempt 1 failed: fetch failed
2026-09-23T14:18:49.755Z     attempt 2 failed: fetch failed
2026-09-23T14:18:57.110Z     attempt 3 failed: fetch failed
2026-09-23T14:19:04.616Z     attempt 4 failed: fetch failed
2026-09-23T14:19:11.844Z     attempt 5 failed: fetch failed
2026-09-23T14:19:19.199Z     attempt 6 failed: fetch failed
2026-09-23T14:19:24.201Z     FAILED: fetch failed
2026-09-23T14:19:26.203Z --- green-and-yellow-with-gold-zari-accents-saree-mu2hqj7v (Green And Yellow With Gold Zari Accents Saree)
2026-09-23T14:19:29.186Z     attempt 1 failed: fetch failed
2026-09-23T14:19:36.470Z     attempt 2 failed: fetch failed
2026-09-23T14:19:43.846Z     attempt 3 failed: fetch failed
2026-09-23T14:19:51.392Z     attempt 4 failed: fetch failed
2026-09-23T14:19:58.842Z     attempt 5 failed: fetch failed
2026-09-23T14:20:06.577Z     attempt 6 failed: fetch failed
2026-09-23T14:20:11.577Z     FAILED: fetch failed
2026-09-23T14:20:13.578Z --- navy-blue-and-deep-red-with-gold-zari-accents-saree-mu2ht4rs (Navy Blue And Deep Red With Gold Zari Accents Saree)
2026-09-23T14:20:16.823Z     attempt 1 failed: fetch failed
2026-09-23T14:20:24.378Z     attempt 2 failed: fetch failed
2026-09-23T14:20:31.790Z     attempt 3 failed: fetch failed
2026-09-23T14:20:41.108Z     attempt 4 failed: fetch failed
2026-09-23T14:20:48.459Z     attempt 5 failed: fetch failed
2026-09-23T14:20:55.555Z     attempt 6 failed: fetch failed
2026-09-23T14:21:00.555Z     FAILED: fetch failed
2026-09-23T14:21:02.555Z --- baby-pink-and-tan-with-silver-zari-accents-saree-mu2hr0ax (Baby Pink And Tan With Silver Zari Accents Saree)
2026-09-23T14:21:04.891Z     attempt 1 failed: fetch failed
2026-09-23T14:21:12.635Z     attempt 2 failed: fetch failed
2026-09-23T14:21:19.768Z     attempt 3 failed: fetch failed
2026-09-23T14:21:27.214Z     attempt 4 failed: fetch failed
2026-09-23T14:21:35.278Z     attempt 5 failed: fetch failed
2026-09-23T14:21:42.364Z     attempt 6 failed: fetch failed
2026-09-23T14:21:47.364Z     FAILED: fetch failed
2026-09-23T14:21:49.365Z --- royal-blue-with-silver-zari-accents-saree-mu2hsnwl (Royal Blue With Silver Zari Accents Saree)
2026-09-23T14:21:52.817Z     attempt 1 failed: fetch failed
2026-09-23T14:22:00.048Z     attempt 2 failed: fetch failed
2026-09-23T14:22:08.318Z     attempt 3 failed: fetch failed
2026-09-23T14:22:15.653Z     attempt 4 failed: fetch failed
2026-09-23T14:22:23.956Z     attempt 5 failed: fetch failed
2026-09-23T14:22:31.013Z     attempt 6 failed: fetch failed
2026-09-23T14:22:36.013Z     FAILED: fetch failed
2026-09-23T14:22:38.014Z --- gold-and-orange-saree-mu2hrhbx (Gold And Orange Saree)
2026-09-23T14:22:58.398Z     attempt 1 failed: fetch failed
2026-09-23T14:23:05.548Z     attempt 2 failed: fetch failed
2026-09-23T14:23:14.078Z     attempt 3 failed: fetch failed
2026-09-23T14:23:21.678Z     attempt 4 failed: fetch failed
2026-09-23T14:23:28.935Z     attempt 5 failed: fetch failed
2026-09-23T14:23:36.068Z     attempt 6 failed: fetch failed
2026-09-23T14:23:41.068Z     FAILED: fetch failed
2026-09-23T14:23:43.071Z --- orange-and-blue-with-gold-zari-accents-saree-mu2hrptp (Orange And Blue With Gold Zari Accents Saree)
2026-09-23T14:23:45.639Z     attempt 1 failed: fetch failed
2026-09-23T14:23:53.952Z     attempt 2 failed: fetch failed
2026-09-23T14:24:01.858Z     attempt 3 failed: fetch failed
2026-09-23T14:24:09.257Z     attempt 4 failed: fetch failed
2026-09-23T14:24:16.772Z     attempt 5 failed: fetch failed
2026-09-23T14:24:23.980Z     attempt 6 failed: fetch failed
2026-09-23T14:24:28.981Z     FAILED: fetch failed
2026-09-23T14:24:30.984Z --- brown-and-baby-pink-with-gold-zari-accents-saree-mu2htdbl (Brown And Baby Pink With Gold Zari Accents Saree)
2026-09-23T14:24:33.352Z     attempt 1 failed: fetch failed
2026-09-23T14:24:41.032Z     attempt 2 failed: fetch failed
2026-09-23T14:24:48.662Z     attempt 3 failed: fetch failed
2026-09-23T14:24:56.215Z     attempt 4 failed: fetch failed
2026-09-23T14:25:04.150Z     attempt 5 failed: fetch failed
2026-09-23T14:25:12.537Z     attempt 6 failed: fetch failed
2026-09-23T14:25:17.538Z     FAILED: fetch failed
2026-09-23T14:25:19.538Z --- maroon-and-gold-saree-mu2htlm8 (Maroon And Gold Saree)
2026-09-23T14:25:21.950Z     attempt 1 failed: fetch failed
2026-09-23T14:25:29.816Z     attempt 2 failed: fetch failed
2026-09-23T14:25:37.396Z     attempt 3 failed: fetch failed
2026-09-23T14:25:45.259Z     attempt 4 failed: fetch failed
2026-09-23T14:25:52.576Z     attempt 5 failed: fetch failed
2026-09-23T14:26:00.208Z     attempt 6 failed: fetch failed
2026-09-23T14:26:05.208Z     FAILED: fetch failed
2026-09-23T14:26:07.208Z --- brown-and-silver-saree-mu2httxg (Brown And Silver Saree)
2026-09-23T14:26:09.748Z     attempt 1 failed: fetch failed
2026-09-23T14:26:17.176Z     attempt 2 failed: fetch failed
2026-09-23T14:26:24.521Z     attempt 3 failed: fetch failed
2026-09-23T14:26:31.649Z     attempt 4 failed: fetch failed
2026-09-23T14:26:38.975Z     attempt 5 failed: fetch failed
2026-09-23T14:26:46.267Z     attempt 6 failed: fetch failed
2026-09-23T14:26:51.268Z     FAILED: fetch failed
2026-09-23T14:26:53.269Z --- teal-and-green-with-silver-zari-accents-saree-mu2hu27u (Teal And Green With Silver Zari Accents Saree)
2026-09-23T14:26:55.604Z     attempt 1 failed: fetch failed
2026-09-23T14:27:03.124Z     attempt 2 failed: fetch failed
2026-09-23T14:27:10.705Z     attempt 3 failed: fetch failed
2026-09-23T14:27:18.005Z     attempt 4 failed: fetch failed
2026-09-23T14:27:25.066Z     attempt 5 failed: fetch failed
2026-09-23T14:27:32.242Z     attempt 6 failed: fetch failed
2026-09-23T14:27:37.243Z     FAILED: fetch failed
2026-09-23T14:27:39.244Z --- orange-and-tan-with-gold-zari-accents-saree-mu2hub6z (Orange And Tan With Gold Zari Accents Saree)
2026-09-23T14:27:41.542Z     attempt 1 failed: fetch failed
2026-09-23T14:27:48.947Z     attempt 2 failed: fetch failed
2026-09-23T14:27:56.464Z     attempt 3 failed: fetch failed
2026-09-23T14:28:04.124Z     attempt 4 failed: fetch failed
2026-09-23T14:28:11.214Z     attempt 5 failed: fetch failed
2026-09-23T14:28:19.057Z     attempt 6 failed: fetch failed
2026-09-23T14:28:24.058Z     FAILED: fetch failed
2026-09-23T14:28:26.061Z --- teal-and-gold-saree-mu2huj8h (Teal And Gold Saree)
2026-09-23T14:28:28.426Z     attempt 1 failed: fetch failed
2026-09-23T14:28:35.750Z     attempt 2 failed: fetch failed
2026-09-23T14:28:42.753Z     attempt 3 failed: fetch failed
2026-09-23T14:28:50.035Z     attempt 4 failed: fetch failed
2026-09-23T14:28:57.462Z     attempt 5 failed: fetch failed
2026-09-23T14:29:04.729Z     attempt 6 failed: fetch failed
2026-09-23T14:29:09.731Z     FAILED: fetch failed
2026-09-23T14:29:11.732Z --- teal-and-deep-green-with-gold-zari-accents-saree-mu2hur2i (Teal And Deep Green With Gold Zari Accents Saree)
2026-09-23T14:29:14.933Z     attempt 1 failed: fetch failed
2026-09-23T14:29:22.373Z     attempt 2 failed: fetch failed
2026-09-23T14:29:30.206Z     attempt 3 failed: fetch failed
2026-09-23T14:29:37.511Z     attempt 4 failed: fetch failed
2026-09-23T14:29:44.815Z     attempt 5 failed: fetch failed
2026-09-23T14:29:51.919Z     attempt 6 failed: fetch failed
2026-09-23T14:29:56.919Z     FAILED: fetch failed
2026-09-23T14:29:58.919Z --- teal-and-green-with-silver-zari-accents-saree-mu2huze6 (Teal And Green With Silver Zari Accents Saree)
2026-09-23T14:30:01.736Z     attempt 1 failed: fetch failed
2026-09-23T14:30:09.222Z     attempt 2 failed: fetch failed
2026-09-23T14:30:17.635Z     attempt 3 failed: fetch failed
2026-09-23T14:30:26.260Z     attempt 4 failed: fetch failed
2026-09-23T14:30:33.514Z     attempt 5 failed: fetch failed
2026-09-23T14:30:40.631Z     attempt 6 failed: fetch failed
2026-09-23T14:30:45.631Z     FAILED: fetch failed
2026-09-23T14:30:47.635Z --- royal-blue-and-deep-red-with-gold-zari-accents-saree-mu2hv7t (Royal Blue And Deep Red With Gold Zari Accents Saree)
2026-09-23T14:30:50.339Z     attempt 1 failed: fetch failed
2026-09-23T14:30:57.622Z     attempt 2 failed: fetch failed
2026-09-23T14:31:05.909Z     attempt 3 failed: fetch failed
2026-09-23T14:31:12.990Z     attempt 4 failed: fetch failed
2026-09-23T14:31:20.134Z     attempt 5 failed: fetch failed
2026-09-23T14:31:27.205Z     attempt 6 failed: fetch failed
2026-09-23T14:31:32.206Z     FAILED: fetch failed
2026-09-23T14:31:34.207Z --- orange-with-gold-zari-accents-saree-mu2hvfuf (Orange With Gold Zari Accents Saree)
2026-09-23T14:31:37.134Z     attempt 1 failed: fetch failed
2026-09-23T14:31:44.375Z     attempt 2 failed: fetch failed
2026-09-23T14:31:51.440Z     attempt 3 failed: fetch failed
2026-09-23T14:31:58.910Z     attempt 4 failed: fetch failed
2026-09-23T14:32:06.333Z     attempt 5 failed: fetch failed
2026-09-23T14:32:13.438Z     attempt 6 failed: fetch failed
2026-09-23T14:32:18.439Z     FAILED: fetch failed
2026-09-23T14:32:20.439Z --- rose-pink-and-gold-saree-mu2hvofq (Rose Pink And Gold Saree)
2026-09-23T14:32:23.824Z     attempt 1 failed: fetch failed
2026-09-23T14:32:31.938Z     attempt 2 failed: fetch failed
2026-09-23T14:32:39.193Z     attempt 3 failed: fetch failed
2026-09-23T14:32:47.198Z     attempt 4 failed: fetch failed
2026-09-23T14:32:55.091Z     attempt 5 failed: fetch failed
2026-09-23T14:33:02.362Z     attempt 6 failed: fetch failed
2026-09-23T14:33:07.364Z     FAILED: fetch failed
2026-09-23T14:33:09.364Z --- violet-with-gold-zari-accents-saree-mu2hwtmz (Violet With Gold Zari Accents Saree)
2026-09-23T14:33:11.846Z     attempt 1 failed: fetch failed
2026-09-23T14:33:19.263Z     attempt 2 failed: fetch failed
2026-09-23T14:33:26.963Z     attempt 3 failed: fetch failed
2026-09-23T14:33:35.194Z     attempt 4 failed: fetch failed
2026-09-23T14:33:46.464Z     attempt 5 failed: fetch failed
2026-09-23T14:33:54.163Z     attempt 6 failed: fetch failed
2026-09-23T14:33:59.165Z     FAILED: fetch failed
2026-09-23T14:34:01.166Z --- tan-with-silver-zari-accents-saree-mu2hyolv (Tan With Silver Zari Accents Saree)
2026-09-23T14:34:03.682Z     attempt 1 failed: fetch failed
2026-09-23T14:34:10.948Z     attempt 2 failed: fetch failed
2026-09-23T14:34:19.206Z     attempt 3 failed: fetch failed
2026-09-23T14:34:26.800Z     attempt 4 failed: fetch failed
2026-09-23T14:34:34.012Z     attempt 5 failed: fetch failed
2026-09-23T14:34:41.071Z     attempt 6 failed: fetch failed
2026-09-23T14:34:46.072Z     FAILED: fetch failed
2026-09-23T14:34:48.075Z --- teal-with-gold-zari-accents-saree-mu2i0bg3 (Teal With Gold Zari Accents Saree)
2026-09-23T14:34:50.919Z     attempt 1 failed: fetch failed
2026-09-23T14:34:58.443Z     attempt 2 failed: fetch failed
2026-09-23T14:35:06.276Z     attempt 3 failed: fetch failed
2026-09-23T14:35:13.540Z     attempt 4 failed: fetch failed
2026-09-23T14:35:20.575Z     attempt 5 failed: fetch failed
2026-09-23T14:35:28.071Z     attempt 6 failed: fetch failed
2026-09-23T14:35:33.071Z     FAILED: fetch failed
2026-09-23T14:35:35.072Z --- pink-with-gold-zari-accents-saree-mu2i1yvp (Pink With Gold Zari Accents Saree)
2026-09-23T14:35:37.957Z     attempt 1 failed: fetch failed
2026-09-23T14:35:45.366Z     attempt 2 failed: fetch failed
2026-09-23T14:35:52.551Z     attempt 3 failed: fetch failed
2026-09-23T14:35:59.892Z     attempt 4 failed: fetch failed
2026-09-23T14:36:07.542Z     attempt 5 failed: fetch failed
2026-09-23T14:36:15.333Z     attempt 6 failed: fetch failed
2026-09-23T14:36:20.334Z     FAILED: fetch failed
2026-09-23T14:36:22.334Z --- orange-and-brown-with-gold-zari-accents-saree-mu2i3y3m (Orange And Brown With Gold Zari Accents Saree)
2026-09-23T14:36:24.672Z     attempt 1 failed: fetch failed
2026-09-23T14:36:31.795Z     attempt 2 failed: fetch failed
2026-09-23T14:36:39.418Z     attempt 3 failed: fetch failed
2026-09-23T14:36:47.241Z     attempt 4 failed: fetch failed
2026-09-23T14:36:54.405Z     attempt 5 failed: fetch failed
2026-09-23T14:37:01.573Z     attempt 6 failed: fetch failed
2026-09-23T14:37:06.573Z     FAILED: fetch failed
2026-09-23T14:37:08.573Z --- baby-pink-and-brown-with-gold-zari-accents-saree-mu2i4y6v (Baby Pink And Brown With Gold Zari Accents Saree)
2026-09-23T14:37:11.103Z     attempt 1 failed: fetch failed
2026-09-23T14:37:18.305Z     attempt 2 failed: fetch failed
2026-09-23T14:37:25.553Z     attempt 3 failed: fetch failed
2026-09-23T14:37:33.467Z     attempt 4 failed: fetch failed
2026-09-23T14:37:40.776Z     attempt 5 failed: fetch failed
2026-09-23T14:37:47.889Z     attempt 6 failed: fetch failed
2026-09-23T14:37:52.889Z     FAILED: fetch failed
2026-09-23T14:37:54.889Z --- green-and-silver-saree-mu2i6lt6 (Green And Silver Saree)
2026-09-23T14:37:57.779Z     attempt 1 failed: fetch failed
2026-09-23T14:38:05.187Z     attempt 2 failed: fetch failed
2026-09-23T14:38:13.147Z     attempt 3 failed: fetch failed
2026-09-23T14:38:20.220Z     attempt 4 failed: fetch failed
2026-09-23T14:38:27.999Z     attempt 5 failed: fetch failed
2026-09-23T14:38:35.263Z     attempt 6 failed: fetch failed
2026-09-23T14:38:40.264Z     FAILED: fetch failed
2026-09-23T14:38:42.264Z --- gold-and-deep-red-saree-mu2i6ueb (Gold And Deep Red Saree)
2026-09-23T14:38:45.521Z     attempt 1 failed: fetch failed
2026-09-23T14:38:52.794Z     attempt 2 failed: fetch failed
2026-09-23T14:38:59.817Z     attempt 3 failed: fetch failed
2026-09-23T14:39:07.082Z     attempt 4 failed: fetch failed
2026-09-23T14:39:14.847Z     attempt 5 failed: fetch failed
2026-09-23T14:39:22.200Z     attempt 6 failed: fetch failed
2026-09-23T14:39:27.202Z     FAILED: fetch failed
2026-09-23T14:39:29.205Z --- blue-and-brown-with-gold-zari-accents-saree-mu2hvwj2 (Blue And Brown With Gold Zari Accents Saree)
2026-09-23T14:39:37.168Z     attempt 1 failed: fetch failed
2026-09-23T14:39:44.842Z     attempt 2 failed: fetch failed
2026-09-23T14:39:52.268Z     attempt 3 failed: fetch failed
2026-09-23T14:40:00.049Z     attempt 4 failed: fetch failed
2026-09-23T14:40:07.357Z     attempt 5 failed: fetch failed
2026-09-23T14:40:14.931Z     attempt 6 failed: fetch failed
2026-09-23T14:40:19.931Z     FAILED: fetch failed
2026-09-23T14:40:21.935Z --- gold-and-red-saree-mu2hxb2a (Gold And Red Saree)
2026-09-23T14:40:24.343Z     attempt 1 failed: fetch failed
2026-09-23T14:40:32.672Z     attempt 2 failed: fetch failed
2026-09-23T14:40:40.544Z     attempt 3 failed: fetch failed
2026-09-23T14:40:48.132Z     attempt 4 failed: fetch failed
2026-09-23T14:40:55.267Z     attempt 5 failed: fetch failed
2026-09-23T14:41:02.440Z     attempt 6 failed: fetch failed
2026-09-23T14:41:07.441Z     FAILED: fetch failed
2026-09-23T14:41:09.442Z --- orange-and-gold-saree-mu2hz5gd (Orange And Gold Saree)
2026-09-23T14:41:11.668Z     attempt 1 failed: fetch failed
2026-09-23T14:41:19.339Z     attempt 2 failed: fetch failed
2026-09-23T14:41:26.724Z     attempt 3 failed: fetch failed
2026-09-23T14:41:34.474Z     attempt 4 failed: fetch failed
2026-09-23T14:41:42.101Z     attempt 5 failed: fetch failed
2026-09-23T14:41:49.689Z     attempt 6 failed: fetch failed
2026-09-23T14:41:54.689Z     FAILED: fetch failed
2026-09-23T14:41:56.689Z --- orange-and-crimson-with-gold-zari-accents-saree-mu2i1158 (Orange And Crimson With Gold Zari Accents Saree)
2026-09-23T14:41:59.849Z     attempt 1 failed: fetch failed
2026-09-23T14:42:07.482Z     attempt 2 failed: fetch failed
2026-09-23T14:42:15.157Z     attempt 3 failed: fetch failed
2026-09-23T14:42:22.286Z     attempt 4 failed: fetch failed
2026-09-23T14:42:29.678Z     attempt 5 failed: fetch failed
2026-09-23T14:42:34.932Z     attempt 6 failed: <!DOCTYPE html><html><head><meta charSet="utf-8" data-next-head=""/><meta name="viewport" content="width=device-width" data-next-head=""/><style data-next-hide-fouc="true">body{display:none}</style><n
2026-09-23T14:42:39.932Z     FAILED: <!DOCTYPE html><html><head><meta charSet="utf-8" data-next-head=""/><meta name="viewport" content="width=device-width" data-next-head=""/><style data-next-hide-fouc="true">body{display:none}</style><n
2026-09-23T14:42:41.935Z --- green-with-gold-zari-accents-saree-mu2i2wqo (Green With Gold Zari Accents Saree)
2026-09-23T14:42:41.962Z     attempt 1 failed: <!DOCTYPE html><html><head><meta charSet="utf-8" data-next-head=""/><meta name="viewport" content="width=device-width" data-next-head=""/><style data-next-hide-fouc="true">body{display:none}</style><n
2026-09-23T14:42:46.979Z     attempt 2 failed: <!DOCTYPE html><html><head><meta charSet="utf-8" data-next-head=""/><meta name="viewport" content="width=device-width" data-next-head=""/><style data-next-hide-fouc="true">body{display:none}</style><n
2026-09-23T14:42:51.995Z     attempt 3 failed: <!DOCTYPE html><html><head><meta charSet="utf-8" data-next-head=""/><meta name="viewport" content="width=device-width" data-next-head=""/><style data-next-hide-fouc="true">body{display:none}</style><n
2026-09-23T14:42:57.011Z     attempt 4 failed: <!DOCTYPE html><html><head><meta charSet="utf-8" data-next-head=""/><meta name="viewport" content="width=device-width" data-next-head=""/><style data-next-hide-fouc="true">body{display:none}</style><n
2026-09-23T14:43:02.026Z     attempt 5 failed: <!DOCTYPE html><html><head><meta charSet="utf-8" data-next-head=""/><meta name="viewport" content="width=device-width" data-next-head=""/><style data-next-hide-fouc="true">body{display:none}</style><n
2026-09-23T14:43:07.043Z     attempt 6 failed: <!DOCTYPE html><html><head><meta charSet="utf-8" data-next-head=""/><meta name="viewport" content="width=device-width" data-next-head=""/><style data-next-hide-fouc="true">body{display:none}</style><n
2026-09-23T14:43:12.043Z     FAILED: <!DOCTYPE html><html><head><meta charSet="utf-8" data-next-head=""/><meta name="viewport" content="width=device-width" data-next-head=""/><style data-next-hide-fouc="true">body{display:none}</style><n
2026-09-23T14:43:14.046Z --- gold-and-silver-saree-mu2i5x2w (Gold And Silver Saree)
2026-09-23T14:43:14.063Z     attempt 1 failed: <!DOCTYPE html><html><head><meta charSet="utf-8" data-next-head=""/><meta name="viewport" content="width=device-width" data-next-head=""/><style data-next-hide-fouc="true">body{display:none}</style><n
2026-09-23T14:43:19.080Z     attempt 2 failed: <!DOCTYPE html><html><head><meta charSet="utf-8" data-next-head=""/><meta name="viewport" content="width=device-width" data-next-head=""/><style data-next-hide-fouc="true">body{display:none}</style><n
2026-09-23T14:43:24.096Z     attempt 3 failed: <!DOCTYPE html><html><head><meta charSet="utf-8" data-next-head=""/><meta name="viewport" content="width=device-width" data-next-head=""/><style data-next-hide-fouc="true">body{display:none}</style><n
2026-09-23T14:43:29.113Z     attempt 4 failed: <!DOCTYPE html><html><head><meta charSet="utf-8" data-next-head=""/><meta name="viewport" content="width=device-width" data-next-head=""/><style data-next-hide-fouc="true">body{display:none}</style><n
2026-09-23T14:43:34.129Z     attempt 5 failed: <!DOCTYPE html><html><head><meta charSet="utf-8" data-next-head=""/><meta name="viewport" content="width=device-width" data-next-head=""/><style data-next-hide-fouc="true">body{display:none}</style><n
2026-09-23T14:43:39.146Z     attempt 6 failed: <!DOCTYPE html><html><head><meta charSet="utf-8" data-next-head=""/><meta name="viewport" content="width=device-width" data-next-head=""/><style data-next-hide-fouc="true">body{display:none}</style><n
2026-09-23T14:43:44.148Z     FAILED: <!DOCTYPE html><html><head><meta charSet="utf-8" data-next-head=""/><meta name="viewport" content="width=device-width" data-next-head=""/><style data-next-hide-fouc="true">body{display:none}</style><n
2026-09-23T14:43:46.148Z --- magenta-and-pink-with-gold-zari-accents-saree-mu2hw4rs (Magenta And Pink With Gold Zari Accents Saree)
2026-09-23T14:43:46.168Z     attempt 1 failed: <!DOCTYPE html><html><head><meta charSet="utf-8" data-next-head=""/><meta name="viewport" content="width=device-width" data-next-head=""/><style data-next-hide-fouc="true">body{display:none}</style><n
2026-09-23T14:43:51.186Z     attempt 2 failed: <!DOCTYPE html><html><head><meta charSet="utf-8" data-next-head=""/><meta name="viewport" content="width=device-width" data-next-head=""/><style data-next-hide-fouc="true">body{display:none}</style><n
2026-09-23T14:43:56.206Z     attempt 3 failed: <!DOCTYPE html><html><head><meta charSet="utf-8" data-next-head=""/><meta name="viewport" content="width=device-width" data-next-head=""/><style data-next-hide-fouc="true">body{display:none}</style><n
2026-09-23T14:44:01.225Z     attempt 4 failed: <!DOCTYPE html><html><head><meta charSet="utf-8" data-next-head=""/><meta name="viewport" content="width=device-width" data-next-head=""/><style data-next-hide-fouc="true">body{display:none}</style><n
2026-09-23T14:44:06.242Z     attempt 5 failed: <!DOCTYPE html><html><head><meta charSet="utf-8" data-next-head=""/><meta name="viewport" content="width=device-width" data-next-head=""/><style data-next-hide-fouc="true">body{display:none}</style><n
2026-09-23T14:44:11.263Z     attempt 6 failed: <!DOCTYPE html><html><head><meta charSet="utf-8" data-next-head=""/><meta name="viewport" content="width=device-width" data-next-head=""/><style data-next-hide-fouc="true">body{display:none}</style><n
2026-09-23T14:44:16.266Z     FAILED: <!DOCTYPE html><html><head><meta charSet="utf-8" data-next-head=""/><meta name="viewport" content="width=device-width" data-next-head=""/><style data-next-hide-fouc="true">body{display:none}</style><n
2026-09-23T14:44:18.266Z --- brown-with-gold-zari-accents-saree-mu2hxrhi (Brown With Gold Zari Accents Saree)
2026-09-23T14:44:18.285Z     attempt 1 failed: <!DOCTYPE html><html><head><meta charSet="utf-8" data-next-head=""/><meta name="viewport" content="width=device-width" data-next-head=""/><style data-next-hide-fouc="true">body{display:none}</style><n
2026-09-23T14:44:23.304Z     attempt 2 failed: <!DOCTYPE html><html><head><meta charSet="utf-8" data-next-head=""/><meta name="viewport" content="width=device-width" data-next-head=""/><style data-next-hide-fouc="true">body{display:none}</style><n
2026-09-23T14:44:28.322Z     attempt 3 failed: <!DOCTYPE html><html><head><meta charSet="utf-8" data-next-head=""/><meta name="viewport" content="width=device-width" data-next-head=""/><style data-next-hide-fouc="true">body{display:none}</style><n
2026-09-23T14:44:33.354Z     attempt 4 failed: <!DOCTYPE html><html><head><meta charSet="utf-8" data-next-head=""/><meta name="viewport" content="width=device-width" data-next-head=""/><style data-next-hide-fouc="true">body{display:none}</style><n
2026-09-23T14:44:38.372Z     attempt 5 failed: <!DOCTYPE html><html><head><meta charSet="utf-8" data-next-head=""/><meta name="viewport" content="width=device-width" data-next-head=""/><style data-next-hide-fouc="true">body{display:none}</style><n
2026-09-23T14:44:43.390Z     attempt 6 failed: <!DOCTYPE html><html><head><meta charSet="utf-8" data-next-head=""/><meta name="viewport" content="width=device-width" data-next-head=""/><style data-next-hide-fouc="true">body{display:none}</style><n
2026-09-23T14:44:48.390Z     FAILED: <!DOCTYPE html><html><head><meta charSet="utf-8" data-next-head=""/><meta name="viewport" content="width=device-width" data-next-head=""/><style data-next-hide-fouc="true">body{display:none}</style><n
2026-09-23T14:44:50.390Z --- maroon-and-orange-with-gold-zari-accents-saree-mu2hze7d (Maroon And Orange With Gold Zari Accents Saree)
2026-09-23T14:44:50.409Z     attempt 1 failed: <!DOCTYPE html><html><head><meta charSet="utf-8" data-next-head=""/><meta name="viewport" content="width=device-width" data-next-head=""/><style data-next-hide-fouc="true">body{display:none}</style><n
2026-09-23T14:44:55.427Z     attempt 2 failed: <!DOCTYPE html><html><head><meta charSet="utf-8" data-next-head=""/><meta name="viewport" content="width=device-width" data-next-head=""/><style data-next-hide-fouc="true">body{display:none}</style><n
2026-09-23T14:45:00.447Z     attempt 3 failed: <!DOCTYPE html><html><head><meta charSet="utf-8" data-next-head=""/><meta name="viewport" content="width=device-width" data-next-head=""/><style data-next-hide-fouc="true">body{display:none}</style><n
2026-09-23T14:45:05.464Z     attempt 4 failed: <!DOCTYPE html><html><head><meta charSet="utf-8" data-next-head=""/><meta name="viewport" content="width=device-width" data-next-head=""/><style data-next-hide-fouc="true">body{display:none}</style><n
2026-09-23T14:45:10.482Z     attempt 5 failed: <!DOCTYPE html><html><head><meta charSet="utf-8" data-next-head=""/><meta name="viewport" content="width=device-width" data-next-head=""/><style data-next-hide-fouc="true">body{display:none}</style><n
2026-09-23T14:45:15.499Z     attempt 6 failed: <!DOCTYPE html><html><head><meta charSet="utf-8" data-next-head=""/><meta name="viewport" content="width=device-width" data-next-head=""/><style data-next-hide-fouc="true">body{display:none}</style><n
2026-09-23T14:45:20.500Z     FAILED: <!DOCTYPE html><html><head><meta charSet="utf-8" data-next-head=""/><meta name="viewport" content="width=device-width" data-next-head=""/><style data-next-hide-fouc="true">body{display:none}</style><n
2026-09-23T14:45:22.501Z --- orange-with-gold-zari-accents-saree-mu2i1qa9 (Orange With Gold Zari Accents Saree)
2026-09-23T14:45:22.523Z     attempt 1 failed: <!DOCTYPE html><html><head><meta charSet="utf-8" data-next-head=""/><meta name="viewport" content="width=device-width" data-next-head=""/><style data-next-hide-fouc="true">body{display:none}</style><n
2026-09-23T14:45:27.544Z     attempt 2 failed: <!DOCTYPE html><html><head><meta charSet="utf-8" data-next-head=""/><meta name="viewport" content="width=device-width" data-next-head=""/><style data-next-hide-fouc="true">body{display:none}</style><n
2026-09-23T14:45:32.566Z     attempt 3 failed: <!DOCTYPE html><html><head><meta charSet="utf-8" data-next-head=""/><meta name="viewport" content="width=device-width" data-next-head=""/><style data-next-hide-fouc="true">body{display:none}</style><n
2026-09-23T14:45:37.606Z     attempt 4 failed: <!DOCTYPE html><html><head><meta charSet="utf-8" data-next-head=""/><meta name="viewport" content="width=device-width" data-next-head=""/><style data-next-hide-fouc="true">body{display:none}</style><n
2026-09-23T14:45:42.626Z     attempt 5 failed: <!DOCTYPE html><html><head><meta charSet="utf-8" data-next-head=""/><meta name="viewport" content="width=device-width" data-next-head=""/><style data-next-hide-fouc="true">body{display:none}</style><n
2026-09-23T14:45:47.644Z     attempt 6 failed: <!DOCTYPE html><html><head><meta charSet="utf-8" data-next-head=""/><meta name="viewport" content="width=device-width" data-next-head=""/><style data-next-hide-fouc="true">body{display:none}</style><n
2026-09-23T14:45:52.645Z     FAILED: <!DOCTYPE html><html><head><meta charSet="utf-8" data-next-head=""/><meta name="viewport" content="width=device-width" data-next-head=""/><style data-next-hide-fouc="true">body{display:none}</style><n
2026-09-23T14:45:54.645Z --- teal-and-silver-saree-mu2i4pz9 (Teal And Silver Saree)
2026-09-23T14:45:54.663Z     attempt 1 failed: <!DOCTYPE html><html><head><meta charSet="utf-8" data-next-head=""/><meta name="viewport" content="width=device-width" data-next-head=""/><style data-next-hide-fouc="true">body{display:none}</style><n
2026-09-23T14:45:59.686Z     attempt 2 failed: <!DOCTYPE html><html><head><meta charSet="utf-8" data-next-head=""/><meta name="viewport" content="width=device-width" data-next-head=""/><style data-next-hide-fouc="true">body{display:none}</style><n
2026-09-23T14:46:04.711Z     attempt 3 failed: <!DOCTYPE html><html><head><meta charSet="utf-8" data-next-head=""/><meta name="viewport" content="width=device-width" data-next-head=""/><style data-next-hide-fouc="true">body{display:none}</style><n
2026-09-23T14:46:09.738Z     attempt 4 failed: <!DOCTYPE html><html><head><meta charSet="utf-8" data-next-head=""/><meta name="viewport" content="width=device-width" data-next-head=""/><style data-next-hide-fouc="true">body{display:none}</style><n
2026-09-23T14:46:14.756Z     attempt 5 failed: <!DOCTYPE html><html><head><meta charSet="utf-8" data-next-head=""/><meta name="viewport" content="width=device-width" data-next-head=""/><style data-next-hide-fouc="true">body{display:none}</style><n
2026-09-23T14:46:19.776Z     attempt 6 failed: <!DOCTYPE html><html><head><meta charSet="utf-8" data-next-head=""/><meta name="viewport" content="width=device-width" data-next-head=""/><style data-next-hide-fouc="true">body{display:none}</style><n
2026-09-23T14:46:24.776Z     FAILED: <!DOCTYPE html><html><head><meta charSet="utf-8" data-next-head=""/><meta name="viewport" content="width=device-width" data-next-head=""/><style data-next-hide-fouc="true">body{display:none}</style><n
2026-09-23T14:46:26.777Z --- gold-saree-mu2i7boe (Gold Saree)
2026-09-23T14:46:26.806Z     attempt 1 failed: <!DOCTYPE html><html><head><meta charSet="utf-8" data-next-head=""/><meta name="viewport" content="width=device-width" data-next-head=""/><style data-next-hide-fouc="true">body{display:none}</style><n
2026-09-23T14:46:31.827Z     attempt 2 failed: <!DOCTYPE html><html><head><meta charSet="utf-8" data-next-head=""/><meta name="viewport" content="width=device-width" data-next-head=""/><style data-next-hide-fouc="true">body{display:none}</style><n
2026-09-23T14:46:36.845Z     attempt 3 failed: <!DOCTYPE html><html><head><meta charSet="utf-8" data-next-head=""/><meta name="viewport" content="width=device-width" data-next-head=""/><style data-next-hide-fouc="true">body{display:none}</style><n
2026-09-23T14:46:41.864Z     attempt 4 failed: <!DOCTYPE html><html><head><meta charSet="utf-8" data-next-head=""/><meta name="viewport" content="width=device-width" data-next-head=""/><style data-next-hide-fouc="true">body{display:none}</style><n
2026-09-23T14:46:46.881Z     attempt 5 failed: <!DOCTYPE html><html><head><meta charSet="utf-8" data-next-head=""/><meta name="viewport" content="width=device-width" data-next-head=""/><style data-next-hide-fouc="true">body{display:none}</style><n
2026-09-23T14:46:51.900Z     attempt 6 failed: <!DOCTYPE html><html><head><meta charSet="utf-8" data-next-head=""/><meta name="viewport" content="width=device-width" data-next-head=""/><style data-next-hide-fouc="true">body{display:none}</style><n
2026-09-23T14:46:56.902Z     FAILED: <!DOCTYPE html><html><head><meta charSet="utf-8" data-next-head=""/><meta name="viewport" content="width=device-width" data-next-head=""/><style data-next-hide-fouc="true">body{display:none}</style><n
2026-09-23T14:46:58.904Z --- rose-pink-and-magenta-with-gold-zari-accents-saree-mu2i7kkn (Rose Pink And Magenta With Gold Zari Accents Saree)
2026-09-23T14:46:58.940Z     attempt 1 failed: <!DOCTYPE html><html><head><meta charSet="utf-8" data-next-head=""/><meta name="viewport" content="width=device-width" data-next-head=""/><style data-next-hide-fouc="true">body{display:none}</style><n
2026-09-23T14:47:03.958Z     attempt 2 failed: <!DOCTYPE html><html><head><meta charSet="utf-8" data-next-head=""/><meta name="viewport" content="width=device-width" data-next-head=""/><style data-next-hide-fouc="true">body{display:none}</style><n
2026-09-23T14:47:08.978Z     attempt 3 failed: <!DOCTYPE html><html><head><meta charSet="utf-8" data-next-head=""/><meta name="viewport" content="width=device-width" data-next-head=""/><style data-next-hide-fouc="true">body{display:none}</style><n
2026-09-23T14:47:13.996Z     attempt 4 failed: <!DOCTYPE html><html><head><meta charSet="utf-8" data-next-head=""/><meta name="viewport" content="width=device-width" data-next-head=""/><style data-next-hide-fouc="true">body{display:none}</style><n
2026-09-23T14:47:19.015Z     attempt 5 failed: <!DOCTYPE html><html><head><meta charSet="utf-8" data-next-head=""/><meta name="viewport" content="width=device-width" data-next-head=""/><style data-next-hide-fouc="true">body{display:none}</style><n
2026-09-23T14:47:24.031Z     attempt 6 failed: <!DOCTYPE html><html><head><meta charSet="utf-8" data-next-head=""/><meta name="viewport" content="width=device-width" data-next-head=""/><style data-next-hide-fouc="true">body{display:none}</style><n
2026-09-23T14:47:29.032Z     FAILED: <!DOCTYPE html><html><head><meta charSet="utf-8" data-next-head=""/><meta name="viewport" content="width=device-width" data-next-head=""/><style data-next-hide-fouc="true">body{display:none}</style><n
2026-09-23T14:47:31.033Z --- mustard-yellow-and-brown-with-gold-zari-accents-saree-mu2hwd (Mustard Yellow And Brown With Gold Zari Accents Saree)
2026-09-23T14:47:31.052Z     attempt 1 failed: <!DOCTYPE html><html><head><meta charSet="utf-8" data-next-head=""/><meta name="viewport" content="width=device-width" data-next-head=""/><style data-next-hide-fouc="true">body{display:none}</style><n
2026-09-23T14:47:36.071Z     attempt 2 failed: <!DOCTYPE html><html><head><meta charSet="utf-8" data-next-head=""/><meta name="viewport" content="width=device-width" data-next-head=""/><style data-next-hide-fouc="true">body{display:none}</style><n
2026-09-23T14:47:41.087Z     attempt 3 failed: <!DOCTYPE html><html><head><meta charSet="utf-8" data-next-head=""/><meta name="viewport" content="width=device-width" data-next-head=""/><style data-next-hide-fouc="true">body{display:none}</style><n
2026-09-23T14:47:46.106Z     attempt 4 failed: <!DOCTYPE html><html><head><meta charSet="utf-8" data-next-head=""/><meta name="viewport" content="width=device-width" data-next-head=""/><style data-next-hide-fouc="true">body{display:none}</style><n
2026-09-23T14:47:51.123Z     attempt 5 failed: <!DOCTYPE html><html><head><meta charSet="utf-8" data-next-head=""/><meta name="viewport" content="width=device-width" data-next-head=""/><style data-next-hide-fouc="true">body{display:none}</style><n
2026-09-23T14:47:56.185Z     attempt 6 failed: <!DOCTYPE html><html><head><meta charSet="utf-8" data-next-head=""/><meta name="viewport" content="width=device-width" data-next-head=""/><style data-next-hide-fouc="true">body{display:none}</style><n
2026-09-23T14:48:01.186Z     FAILED: <!DOCTYPE html><html><head><meta charSet="utf-8" data-next-head=""/><meta name="viewport" content="width=device-width" data-next-head=""/><style data-next-hide-fouc="true">body{display:none}</style><n
2026-09-23T14:48:03.187Z --- pink-and-orange-with-gold-zari-accents-saree-mu2hy86g (Pink And Orange With Gold Zari Accents Saree)
2026-09-23T14:48:03.210Z     attempt 1 failed: <!DOCTYPE html><html><head><meta charSet="utf-8" data-next-head=""/><meta name="viewport" content="width=device-width" data-next-head=""/><style data-next-hide-fouc="true">body{display:none}</style><n
2026-09-23T14:48:08.229Z     attempt 2 failed: <!DOCTYPE html><html><head><meta charSet="utf-8" data-next-head=""/><meta name="viewport" content="width=device-width" data-next-head=""/><style data-next-hide-fouc="true">body{display:none}</style><n
2026-09-23T14:48:13.245Z     attempt 3 failed: <!DOCTYPE html><html><head><meta charSet="utf-8" data-next-head=""/><meta name="viewport" content="width=device-width" data-next-head=""/><style data-next-hide-fouc="true">body{display:none}</style><n
2026-09-23T14:48:18.264Z     attempt 4 failed: <!DOCTYPE html><html><head><meta charSet="utf-8" data-next-head=""/><meta name="viewport" content="width=device-width" data-next-head=""/><style data-next-hide-fouc="true">body{display:none}</style><n
2026-09-23T14:48:23.281Z     attempt 5 failed: <!DOCTYPE html><html><head><meta charSet="utf-8" data-next-head=""/><meta name="viewport" content="width=device-width" data-next-head=""/><style data-next-hide-fouc="true">body{display:none}</style><n
2026-09-23T14:48:28.297Z     attempt 6 failed: <!DOCTYPE html><html><head><meta charSet="utf-8" data-next-head=""/><meta name="viewport" content="width=device-width" data-next-head=""/><style data-next-hide-fouc="true">body{display:none}</style><n
2026-09-23T14:48:33.299Z     FAILED: <!DOCTYPE html><html><head><meta charSet="utf-8" data-next-head=""/><meta name="viewport" content="width=device-width" data-next-head=""/><style data-next-hide-fouc="true">body{display:none}</style><n
2026-09-23T14:48:35.299Z --- royal-blue-and-orange-with-gold-zari-accents-saree-mu2i031t (Royal Blue And Orange With Gold Zari Accents Saree)
2026-09-23T14:48:35.318Z     attempt 1 failed: <!DOCTYPE html><html><head><meta charSet="utf-8" data-next-head=""/><meta name="viewport" content="width=device-width" data-next-head=""/><style data-next-hide-fouc="true">body{display:none}</style><n
2026-09-23T14:48:40.336Z     attempt 2 failed: <!DOCTYPE html><html><head><meta charSet="utf-8" data-next-head=""/><meta name="viewport" content="width=device-width" data-next-head=""/><style data-next-hide-fouc="true">body{display:none}</style><n
2026-09-23T14:48:45.353Z     attempt 3 failed: <!DOCTYPE html><html><head><meta charSet="utf-8" data-next-head=""/><meta name="viewport" content="width=device-width" data-next-head=""/><style data-next-hide-fouc="true">body{display:none}</style><n
2026-09-23T14:48:50.371Z     attempt 4 failed: <!DOCTYPE html><html><head><meta charSet="utf-8" data-next-head=""/><meta name="viewport" content="width=device-width" data-next-head=""/><style data-next-hide-fouc="true">body{display:none}</style><n
2026-09-23T14:48:55.390Z     attempt 5 failed: <!DOCTYPE html><html><head><meta charSet="utf-8" data-next-head=""/><meta name="viewport" content="width=device-width" data-next-head=""/><style data-next-hide-fouc="true">body{display:none}</style><n
2026-09-23T14:49:00.407Z     attempt 6 failed: <!DOCTYPE html><html><head><meta charSet="utf-8" data-next-head=""/><meta name="viewport" content="width=device-width" data-next-head=""/><style data-next-hide-fouc="true">body{display:none}</style><n
2026-09-23T14:49:05.407Z     FAILED: <!DOCTYPE html><html><head><meta charSet="utf-8" data-next-head=""/><meta name="viewport" content="width=device-width" data-next-head=""/><style data-next-hide-fouc="true">body{display:none}</style><n
2026-09-23T14:49:07.407Z --- orange-and-brown-with-gold-zari-accents-saree-mu2i27ha (Orange And Brown With Gold Zari Accents Saree)
2026-09-23T14:49:07.426Z     attempt 1 failed: <!DOCTYPE html><html><head><meta charSet="utf-8" data-next-head=""/><meta name="viewport" content="width=device-width" data-next-head=""/><style data-next-hide-fouc="true">body{display:none}</style><n
2026-09-23T14:49:12.443Z     attempt 2 failed: <!DOCTYPE html><html><head><meta charSet="utf-8" data-next-head=""/><meta name="viewport" content="width=device-width" data-next-head=""/><style data-next-hide-fouc="true">body{display:none}</style><n
2026-09-23T14:49:17.461Z     attempt 3 failed: <!DOCTYPE html><html><head><meta charSet="utf-8" data-next-head=""/><meta name="viewport" content="width=device-width" data-next-head=""/><style data-next-hide-fouc="true">body{display:none}</style><n
2026-09-23T14:49:22.479Z     attempt 4 failed: <!DOCTYPE html><html><head><meta charSet="utf-8" data-next-head=""/><meta name="viewport" content="width=device-width" data-next-head=""/><style data-next-hide-fouc="true">body{display:none}</style><n
2026-09-23T14:49:27.497Z     attempt 5 failed: <!DOCTYPE html><html><head><meta charSet="utf-8" data-next-head=""/><meta name="viewport" content="width=device-width" data-next-head=""/><style data-next-hide-fouc="true">body{display:none}</style><n
2026-09-23T14:49:32.513Z     attempt 6 failed: <!DOCTYPE html><html><head><meta charSet="utf-8" data-next-head=""/><meta name="viewport" content="width=device-width" data-next-head=""/><style data-next-hide-fouc="true">body{display:none}</style><n
2026-09-23T14:49:37.514Z     FAILED: <!DOCTYPE html><html><head><meta charSet="utf-8" data-next-head=""/><meta name="viewport" content="width=device-width" data-next-head=""/><style data-next-hide-fouc="true">body{display:none}</style><n
2026-09-23T14:49:39.516Z --- orange-and-brown-with-silver-zari-accents-saree-mu2i2fvc (Orange And Brown With Silver Zari Accents Saree)
2026-09-23T14:49:39.535Z     attempt 1 failed: <!DOCTYPE html><html><head><meta charSet="utf-8" data-next-head=""/><meta name="viewport" content="width=device-width" data-next-head=""/><style data-next-hide-fouc="true">body{display:none}</style><n
2026-09-23T14:49:44.551Z     attempt 2 failed: <!DOCTYPE html><html><head><meta charSet="utf-8" data-next-head=""/><meta name="viewport" content="width=device-width" data-next-head=""/><style data-next-hide-fouc="true">body{display:none}</style><n
2026-09-23T14:49:49.570Z     attempt 3 failed: <!DOCTYPE html><html><head><meta charSet="utf-8" data-next-head=""/><meta name="viewport" content="width=device-width" data-next-head=""/><style data-next-hide-fouc="true">body{display:none}</style><n
2026-09-23T14:49:54.586Z     attempt 4 failed: <!DOCTYPE html><html><head><meta charSet="utf-8" data-next-head=""/><meta name="viewport" content="width=device-width" data-next-head=""/><style data-next-hide-fouc="true">body{display:none}</style><n
2026-09-23T14:49:59.605Z     attempt 5 failed: <!DOCTYPE html><html><head><meta charSet="utf-8" data-next-head=""/><meta name="viewport" content="width=device-width" data-next-head=""/><style data-next-hide-fouc="true">body{display:none}</style><n
2026-09-23T14:50:04.629Z     attempt 6 failed: <!DOCTYPE html><html><head><meta charSet="utf-8" data-next-head=""/><meta name="viewport" content="width=device-width" data-next-head=""/><style data-next-hide-fouc="true">body{display:none}</style><n
2026-09-23T14:50:09.631Z     FAILED: <!DOCTYPE html><html><head><meta charSet="utf-8" data-next-head=""/><meta name="viewport" content="width=device-width" data-next-head=""/><style data-next-hide-fouc="true">body{display:none}</style><n
2026-09-23T14:50:11.632Z --- pink-and-deep-red-with-gold-zari-accents-saree-mu2i4hb3 (Pink And Deep Red With Gold Zari Accents Saree)
2026-09-23T14:50:11.653Z     attempt 1 failed: <!DOCTYPE html><html><head><meta charSet="utf-8" data-next-head=""/><meta name="viewport" content="width=device-width" data-next-head=""/><style data-next-hide-fouc="true">body{display:none}</style><n
2026-09-23T14:50:16.675Z     attempt 2 failed: <!DOCTYPE html><html><head><meta charSet="utf-8" data-next-head=""/><meta name="viewport" content="width=device-width" data-next-head=""/><style data-next-hide-fouc="true">body{display:none}</style><n
2026-09-23T14:50:21.692Z     attempt 3 failed: <!DOCTYPE html><html><head><meta charSet="utf-8" data-next-head=""/><meta name="viewport" content="width=device-width" data-next-head=""/><style data-next-hide-fouc="true">body{display:none}</style><n
2026-09-23T14:50:26.711Z     attempt 4 failed: <!DOCTYPE html><html><head><meta charSet="utf-8" data-next-head=""/><meta name="viewport" content="width=device-width" data-next-head=""/><style data-next-hide-fouc="true">body{display:none}</style><n
2026-09-23T14:50:31.730Z     attempt 5 failed: <!DOCTYPE html><html><head><meta charSet="utf-8" data-next-head=""/><meta name="viewport" content="width=device-width" data-next-head=""/><style data-next-hide-fouc="true">body{display:none}</style><n
2026-09-23T14:50:36.750Z     attempt 6 failed: <!DOCTYPE html><html><head><meta charSet="utf-8" data-next-head=""/><meta name="viewport" content="width=device-width" data-next-head=""/><style data-next-hide-fouc="true">body{display:none}</style><n
2026-09-23T14:50:41.751Z     FAILED: <!DOCTYPE html><html><head><meta charSet="utf-8" data-next-head=""/><meta name="viewport" content="width=device-width" data-next-head=""/><style data-next-hide-fouc="true">body{display:none}</style><n
2026-09-23T14:50:43.751Z --- crimson-and-baby-pink-with-silver-zari-accents-saree-mu2i56x (Crimson And Baby Pink With Silver Zari Accents Saree)
2026-09-23T14:50:43.769Z     attempt 1 failed: <!DOCTYPE html><html><head><meta charSet="utf-8" data-next-head=""/><meta name="viewport" content="width=device-width" data-next-head=""/><style data-next-hide-fouc="true">body{display:none}</style><n
2026-09-23T14:50:48.787Z     attempt 2 failed: <!DOCTYPE html><html><head><meta charSet="utf-8" data-next-head=""/><meta name="viewport" content="width=device-width" data-next-head=""/><style data-next-hide-fouc="true">body{display:none}</style><n
2026-09-23T14:50:53.806Z     attempt 3 failed: <!DOCTYPE html><html><head><meta charSet="utf-8" data-next-head=""/><meta name="viewport" content="width=device-width" data-next-head=""/><style data-next-hide-fouc="true">body{display:none}</style><n
2026-09-23T14:50:58.825Z     attempt 4 failed: <!DOCTYPE html><html><head><meta charSet="utf-8" data-next-head=""/><meta name="viewport" content="width=device-width" data-next-head=""/><style data-next-hide-fouc="true">body{display:none}</style><n
2026-09-23T14:51:03.842Z     attempt 5 failed: <!DOCTYPE html><html><head><meta charSet="utf-8" data-next-head=""/><meta name="viewport" content="width=device-width" data-next-head=""/><style data-next-hide-fouc="true">body{display:none}</style><n
2026-09-23T14:51:08.860Z     attempt 6 failed: <!DOCTYPE html><html><head><meta charSet="utf-8" data-next-head=""/><meta name="viewport" content="width=device-width" data-next-head=""/><style data-next-hide-fouc="true">body{display:none}</style><n
2026-09-23T14:51:13.861Z     FAILED: <!DOCTYPE html><html><head><meta charSet="utf-8" data-next-head=""/><meta name="viewport" content="width=device-width" data-next-head=""/><style data-next-hide-fouc="true">body{display:none}</style><n
2026-09-23T14:51:15.862Z --- brown-and-gold-saree-mu2i5gf1 (Brown And Gold Saree)
2026-09-23T14:51:15.880Z     attempt 1 failed: <!DOCTYPE html><html><head><meta charSet="utf-8" data-next-head=""/><meta name="viewport" content="width=device-width" data-next-head=""/><style data-next-hide-fouc="true">body{display:none}</style><n
2026-09-23T14:51:20.905Z     attempt 2 failed: <!DOCTYPE html><html><head><meta charSet="utf-8" data-next-head=""/><meta name="viewport" content="width=device-width" data-next-head=""/><style data-next-hide-fouc="true">body{display:none}</style><n
2026-09-23T14:51:25.926Z     attempt 3 failed: <!DOCTYPE html><html><head><meta charSet="utf-8" data-next-head=""/><meta name="viewport" content="width=device-width" data-next-head=""/><style data-next-hide-fouc="true">body{display:none}</style><n
2026-09-23T14:51:30.943Z     attempt 4 failed: <!DOCTYPE html><html><head><meta charSet="utf-8" data-next-head=""/><meta name="viewport" content="width=device-width" data-next-head=""/><style data-next-hide-fouc="true">body{display:none}</style><n
2026-09-23T14:51:35.963Z     attempt 5 failed: <!DOCTYPE html><html><head><meta charSet="utf-8" data-next-head=""/><meta name="viewport" content="width=device-width" data-next-head=""/><style data-next-hide-fouc="true">body{display:none}</style><n
2026-09-23T14:51:40.988Z     attempt 6 failed: <!DOCTYPE html><html><head><meta charSet="utf-8" data-next-head=""/><meta name="viewport" content="width=device-width" data-next-head=""/><style data-next-hide-fouc="true">body{display:none}</style><n
2026-09-23T14:51:45.989Z     FAILED: <!DOCTYPE html><html><head><meta charSet="utf-8" data-next-head=""/><meta name="viewport" content="width=device-width" data-next-head=""/><style data-next-hide-fouc="true">body{display:none}</style><n
2026-09-23T14:51:47.990Z --- magenta-and-pink-with-gold-zari-accents-saree-mu2i72wg (Magenta And Pink With Gold Zari Accents Saree)
2026-09-23T14:51:48.008Z     attempt 1 failed: <!DOCTYPE html><html><head><meta charSet="utf-8" data-next-head=""/><meta name="viewport" content="width=device-width" data-next-head=""/><style data-next-hide-fouc="true">body{display:none}</style><n
2026-09-23T14:51:53.026Z     attempt 2 failed: <!DOCTYPE html><html><head><meta charSet="utf-8" data-next-head=""/><meta name="viewport" content="width=device-width" data-next-head=""/><style data-next-hide-fouc="true">body{display:none}</style><n
2026-09-23T14:51:58.042Z     attempt 3 failed: <!DOCTYPE html><html><head><meta charSet="utf-8" data-next-head=""/><meta name="viewport" content="width=device-width" data-next-head=""/><style data-next-hide-fouc="true">body{display:none}</style><n
2026-09-23T14:52:03.060Z     attempt 4 failed: <!DOCTYPE html><html><head><meta charSet="utf-8" data-next-head=""/><meta name="viewport" content="width=device-width" data-next-head=""/><style data-next-hide-fouc="true">body{display:none}</style><n
2026-09-23T14:52:08.079Z     attempt 5 failed: <!DOCTYPE html><html><head><meta charSet="utf-8" data-next-head=""/><meta name="viewport" content="width=device-width" data-next-head=""/><style data-next-hide-fouc="true">body{display:none}</style><n
2026-09-23T14:52:13.095Z     attempt 6 failed: <!DOCTYPE html><html><head><meta charSet="utf-8" data-next-head=""/><meta name="viewport" content="width=device-width" data-next-head=""/><style data-next-hide-fouc="true">body{display:none}</style><n
2026-09-23T14:52:18.096Z     FAILED: <!DOCTYPE html><html><head><meta charSet="utf-8" data-next-head=""/><meta name="viewport" content="width=device-width" data-next-head=""/><style data-next-hide-fouc="true">body{display:none}</style><n
2026-09-23T14:52:20.096Z --- red-and-orange-with-gold-zari-accents-saree-mu2hwlka (Red And Orange With Gold Zari Accents Saree)
2026-09-23T14:52:20.114Z     attempt 1 failed: <!DOCTYPE html><html><head><meta charSet="utf-8" data-next-head=""/><meta name="viewport" content="width=device-width" data-next-head=""/><style data-next-hide-fouc="true">body{display:none}</style><n
2026-09-23T14:52:25.131Z     attempt 2 failed: <!DOCTYPE html><html><head><meta charSet="utf-8" data-next-head=""/><meta name="viewport" content="width=device-width" data-next-head=""/><style data-next-hide-fouc="true">body{display:none}</style><n
2026-09-23T14:52:30.148Z     attempt 3 failed: <!DOCTYPE html><html><head><meta charSet="utf-8" data-next-head=""/><meta name="viewport" content="width=device-width" data-next-head=""/><style data-next-hide-fouc="true">body{display:none}</style><n
2026-09-23T14:52:35.167Z     attempt 4 failed: <!DOCTYPE html><html><head><meta charSet="utf-8" data-next-head=""/><meta name="viewport" content="width=device-width" data-next-head=""/><style data-next-hide-fouc="true">body{display:none}</style><n
2026-09-23T14:52:40.186Z     attempt 5 failed: <!DOCTYPE html><html><head><meta charSet="utf-8" data-next-head=""/><meta name="viewport" content="width=device-width" data-next-head=""/><style data-next-hide-fouc="true">body{display:none}</style><n
2026-09-23T14:52:45.202Z     attempt 6 failed: <!DOCTYPE html><html><head><meta charSet="utf-8" data-next-head=""/><meta name="viewport" content="width=device-width" data-next-head=""/><style data-next-hide-fouc="true">body{display:none}</style><n
2026-09-23T14:52:50.203Z     FAILED: <!DOCTYPE html><html><head><meta charSet="utf-8" data-next-head=""/><meta name="viewport" content="width=device-width" data-next-head=""/><style data-next-hide-fouc="true">body{display:none}</style><n
2026-09-23T14:52:52.204Z --- pink-and-deep-red-with-gold-zari-accents-saree-mu2hygf0 (Pink And Deep Red With Gold Zari Accents Saree)
2026-09-23T14:52:52.222Z     attempt 1 failed: <!DOCTYPE html><html><head><meta charSet="utf-8" data-next-head=""/><meta name="viewport" content="width=device-width" data-next-head=""/><style data-next-hide-fouc="true">body{display:none}</style><n
2026-09-23T14:52:57.240Z     attempt 2 failed: <!DOCTYPE html><html><head><meta charSet="utf-8" data-next-head=""/><meta name="viewport" content="width=device-width" data-next-head=""/><style data-next-hide-fouc="true">body{display:none}</style><n
2026-09-23T14:53:02.256Z     attempt 3 failed: <!DOCTYPE html><html><head><meta charSet="utf-8" data-next-head=""/><meta name="viewport" content="width=device-width" data-next-head=""/><style data-next-hide-fouc="true">body{display:none}</style><n
2026-09-23T14:53:07.276Z     attempt 4 failed: <!DOCTYPE html><html><head><meta charSet="utf-8" data-next-head=""/><meta name="viewport" content="width=device-width" data-next-head=""/><style data-next-hide-fouc="true">body{display:none}</style><n
2026-09-23T14:53:12.298Z     attempt 5 failed: <!DOCTYPE html><html><head><meta charSet="utf-8" data-next-head=""/><meta name="viewport" content="width=device-width" data-next-head=""/><style data-next-hide-fouc="true">body{display:none}</style><n
2026-09-23T14:53:17.318Z     attempt 6 failed: <!DOCTYPE html><html><head><meta charSet="utf-8" data-next-head=""/><meta name="viewport" content="width=device-width" data-next-head=""/><style data-next-hide-fouc="true">body{display:none}</style><n
2026-09-23T14:53:22.322Z     FAILED: <!DOCTYPE html><html><head><meta charSet="utf-8" data-next-head=""/><meta name="viewport" content="width=device-width" data-next-head=""/><style data-next-hide-fouc="true">body{display:none}</style><n
2026-09-23T14:53:24.322Z --- yellow-and-orange-with-gold-zari-accents-saree-mu2i0js3 (Yellow And Orange With Gold Zari Accents Saree)
2026-09-23T14:53:24.342Z     attempt 1 failed: <!DOCTYPE html><html><head><meta charSet="utf-8" data-next-head=""/><meta name="viewport" content="width=device-width" data-next-head=""/><style data-next-hide-fouc="true">body{display:none}</style><n
2026-09-23T14:53:29.362Z     attempt 2 failed: <!DOCTYPE html><html><head><meta charSet="utf-8" data-next-head=""/><meta name="viewport" content="width=device-width" data-next-head=""/><style data-next-hide-fouc="true">body{display:none}</style><n
2026-09-23T14:53:34.380Z     attempt 3 failed: <!DOCTYPE html><html><head><meta charSet="utf-8" data-next-head=""/><meta name="viewport" content="width=device-width" data-next-head=""/><style data-next-hide-fouc="true">body{display:none}</style><n
2026-09-23T14:53:39.406Z     attempt 4 failed: <!DOCTYPE html><html><head><meta charSet="utf-8" data-next-head=""/><meta name="viewport" content="width=device-width" data-next-head=""/><style data-next-hide-fouc="true">body{display:none}</style><n
2026-09-23T14:53:44.425Z     attempt 5 failed: <!DOCTYPE html><html><head><meta charSet="utf-8" data-next-head=""/><meta name="viewport" content="width=device-width" data-next-head=""/><style data-next-hide-fouc="true">body{display:none}</style><n
2026-09-23T14:53:49.491Z     attempt 6 failed: <!DOCTYPE html><html><head><meta charSet="utf-8" data-next-head=""/><meta name="viewport" content="width=device-width" data-next-head=""/><style data-next-hide-fouc="true">body{display:none}</style><n
2026-09-23T14:53:54.491Z     FAILED: <!DOCTYPE html><html><head><meta charSet="utf-8" data-next-head=""/><meta name="viewport" content="width=device-width" data-next-head=""/><style data-next-hide-fouc="true">body{display:none}</style><n
2026-09-23T14:53:56.494Z --- yellow-and-gold-saree-mu2i474v (Yellow And Gold Saree)
2026-09-23T14:53:56.514Z     attempt 1 failed: <!DOCTYPE html><html><head><meta charSet="utf-8" data-next-head=""/><meta name="viewport" content="width=device-width" data-next-head=""/><style data-next-hide-fouc="true">body{display:none}</style><n
2026-09-23T14:54:01.537Z     attempt 2 failed: <!DOCTYPE html><html><head><meta charSet="utf-8" data-next-head=""/><meta name="viewport" content="width=device-width" data-next-head=""/><style data-next-hide-fouc="true">body{display:none}</style><n
2026-09-23T14:54:06.558Z     attempt 3 failed: <!DOCTYPE html><html><head><meta charSet="utf-8" data-next-head=""/><meta name="viewport" content="width=device-width" data-next-head=""/><style data-next-hide-fouc="true">body{display:none}</style><n
2026-09-23T14:54:11.579Z     attempt 4 failed: <!DOCTYPE html><html><head><meta charSet="utf-8" data-next-head=""/><meta name="viewport" content="width=device-width" data-next-head=""/><style data-next-hide-fouc="true">body{display:none}</style><n
2026-09-23T14:54:16.599Z     attempt 5 failed: <!DOCTYPE html><html><head><meta charSet="utf-8" data-next-head=""/><meta name="viewport" content="width=device-width" data-next-head=""/><style data-next-hide-fouc="true">body{display:none}</style><n
2026-09-23T14:54:21.617Z     attempt 6 failed: <!DOCTYPE html><html><head><meta charSet="utf-8" data-next-head=""/><meta name="viewport" content="width=device-width" data-next-head=""/><style data-next-hide-fouc="true">body{display:none}</style><n
2026-09-23T14:54:26.617Z     FAILED: <!DOCTYPE html><html><head><meta charSet="utf-8" data-next-head=""/><meta name="viewport" content="width=device-width" data-next-head=""/><style data-next-hide-fouc="true">body{display:none}</style><n
2026-09-23T14:54:28.620Z --- orange-and-gold-saree-mu2i6dct (Orange And Gold Saree)
2026-09-23T14:54:28.640Z     attempt 1 failed: <!DOCTYPE html><html><head><meta charSet="utf-8" data-next-head=""/><meta name="viewport" content="width=device-width" data-next-head=""/><style data-next-hide-fouc="true">body{display:none}</style><n
2026-09-23T14:54:33.660Z     attempt 2 failed: <!DOCTYPE html><html><head><meta charSet="utf-8" data-next-head=""/><meta name="viewport" content="width=device-width" data-next-head=""/><style data-next-hide-fouc="true">body{display:none}</style><n
2026-09-23T14:54:38.680Z     attempt 3 failed: <!DOCTYPE html><html><head><meta charSet="utf-8" data-next-head=""/><meta name="viewport" content="width=device-width" data-next-head=""/><style data-next-hide-fouc="true">body{display:none}</style><n
2026-09-23T14:54:43.698Z     attempt 4 failed: <!DOCTYPE html><html><head><meta charSet="utf-8" data-next-head=""/><meta name="viewport" content="width=device-width" data-next-head=""/><style data-next-hide-fouc="true">body{display:none}</style><n
2026-09-23T14:54:48.719Z     attempt 5 failed: <!DOCTYPE html><html><head><meta charSet="utf-8" data-next-head=""/><meta name="viewport" content="width=device-width" data-next-head=""/><style data-next-hide-fouc="true">body{display:none}</style><n
2026-09-23T14:54:53.737Z     attempt 6 failed: <!DOCTYPE html><html><head><meta charSet="utf-8" data-next-head=""/><meta name="viewport" content="width=device-width" data-next-head=""/><style data-next-hide-fouc="true">body{display:none}</style><n
2026-09-23T14:54:58.737Z     FAILED: <!DOCTYPE html><html><head><meta charSet="utf-8" data-next-head=""/><meta name="viewport" content="width=device-width" data-next-head=""/><style data-next-hide-fouc="true">body{display:none}</style><n
2026-09-23T14:55:00.739Z --- crimson-with-gold-zari-accents-saree-mu2hx25l (Crimson With Gold Zari Accents Saree)
2026-09-23T14:55:00.760Z     attempt 1 failed: <!DOCTYPE html><html><head><meta charSet="utf-8" data-next-head=""/><meta name="viewport" content="width=device-width" data-next-head=""/><style data-next-hide-fouc="true">body{display:none}</style><n
2026-09-23T14:55:05.779Z     attempt 2 failed: <!DOCTYPE html><html><head><meta charSet="utf-8" data-next-head=""/><meta name="viewport" content="width=device-width" data-next-head=""/><style data-next-hide-fouc="true">body{display:none}</style><n
2026-09-23T14:55:10.798Z     attempt 3 failed: <!DOCTYPE html><html><head><meta charSet="utf-8" data-next-head=""/><meta name="viewport" content="width=device-width" data-next-head=""/><style data-next-hide-fouc="true">body{display:none}</style><n
2026-09-23T14:55:15.818Z     attempt 4 failed: <!DOCTYPE html><html><head><meta charSet="utf-8" data-next-head=""/><meta name="viewport" content="width=device-width" data-next-head=""/><style data-next-hide-fouc="true">body{display:none}</style><n
2026-09-23T14:55:20.895Z     attempt 5 failed: <!DOCTYPE html><html><head><meta charSet="utf-8" data-next-head=""/><meta name="viewport" content="width=device-width" data-next-head=""/><style data-next-hide-fouc="true">body{display:none}</style><n
2026-09-23T14:55:25.919Z     attempt 6 failed: <!DOCTYPE html><html><head><meta charSet="utf-8" data-next-head=""/><meta name="viewport" content="width=device-width" data-next-head=""/><style data-next-hide-fouc="true">body{display:none}</style><n
2026-09-23T14:55:30.919Z     FAILED: <!DOCTYPE html><html><head><meta charSet="utf-8" data-next-head=""/><meta name="viewport" content="width=device-width" data-next-head=""/><style data-next-hide-fouc="true">body{display:none}</style><n
2026-09-23T14:55:32.920Z --- deep-green-and-gold-saree-mu2hyxgi (Deep Green And Gold Saree)
2026-09-23T14:55:32.942Z     attempt 1 failed: <!DOCTYPE html><html><head><meta charSet="utf-8" data-next-head=""/><meta name="viewport" content="width=device-width" data-next-head=""/><style data-next-hide-fouc="true">body{display:none}</style><n
2026-09-23T14:55:37.961Z     attempt 2 failed: <!DOCTYPE html><html><head><meta charSet="utf-8" data-next-head=""/><meta name="viewport" content="width=device-width" data-next-head=""/><style data-next-hide-fouc="true">body{display:none}</style><n
2026-09-23T14:55:42.980Z     attempt 3 failed: <!DOCTYPE html><html><head><meta charSet="utf-8" data-next-head=""/><meta name="viewport" content="width=device-width" data-next-head=""/><style data-next-hide-fouc="true">body{display:none}</style><n
2026-09-23T14:55:47.999Z     attempt 4 failed: <!DOCTYPE html><html><head><meta charSet="utf-8" data-next-head=""/><meta name="viewport" content="width=device-width" data-next-head=""/><style data-next-hide-fouc="true">body{display:none}</style><n
2026-09-23T14:55:53.021Z     attempt 5 failed: <!DOCTYPE html><html><head><meta charSet="utf-8" data-next-head=""/><meta name="viewport" content="width=device-width" data-next-head=""/><style data-next-hide-fouc="true">body{display:none}</style><n
2026-09-23T14:55:58.041Z     attempt 6 failed: <!DOCTYPE html><html><head><meta charSet="utf-8" data-next-head=""/><meta name="viewport" content="width=device-width" data-next-head=""/><style data-next-hide-fouc="true">body{display:none}</style><n
2026-09-23T14:56:03.041Z     FAILED: <!DOCTYPE html><html><head><meta charSet="utf-8" data-next-head=""/><meta name="viewport" content="width=device-width" data-next-head=""/><style data-next-hide-fouc="true">body{display:none}</style><n
2026-09-23T14:56:05.042Z --- gold-and-green-saree-mu2i0sey (Gold And Green Saree)
2026-09-23T14:56:05.066Z     attempt 1 failed: <!DOCTYPE html><html><head><meta charSet="utf-8" data-next-head=""/><meta name="viewport" content="width=device-width" data-next-head=""/><style data-next-hide-fouc="true">body{display:none}</style><n
2026-09-23T14:56:10.421Z     attempt 2 failed: <!DOCTYPE html><html><head><meta charSet="utf-8" data-next-head=""/><meta name="viewport" content="width=device-width" data-next-head=""/><style data-next-hide-fouc="true">body{display:none}</style><n
2026-09-23T14:56:15.458Z     attempt 3 failed: <!DOCTYPE html><html><head><meta charSet="utf-8" data-next-head=""/><meta name="viewport" content="width=device-width" data-next-head=""/><style data-next-hide-fouc="true">body{display:none}</style><n
2026-09-23T14:56:20.477Z     attempt 4 failed: <!DOCTYPE html><html><head><meta charSet="utf-8" data-next-head=""/><meta name="viewport" content="width=device-width" data-next-head=""/><style data-next-hide-fouc="true">body{display:none}</style><n
2026-09-23T14:56:25.517Z     attempt 5 failed: <!DOCTYPE html><html><head><meta charSet="utf-8" data-next-head=""/><meta name="viewport" content="width=device-width" data-next-head=""/><style data-next-hide-fouc="true">body{display:none}</style><n
2026-09-23T14:56:30.536Z     attempt 6 failed: <!DOCTYPE html><html><head><meta charSet="utf-8" data-next-head=""/><meta name="viewport" content="width=device-width" data-next-head=""/><style data-next-hide-fouc="true">body{display:none}</style><n
2026-09-23T14:56:35.539Z     FAILED: <!DOCTYPE html><html><head><meta charSet="utf-8" data-next-head=""/><meta name="viewport" content="width=device-width" data-next-head=""/><style data-next-hide-fouc="true">body{display:none}</style><n
2026-09-23T14:56:37.542Z --- pink-and-crimson-with-gold-zari-accents-saree-mu2i2oak (Pink And Crimson With Gold Zari Accents Saree)
2026-09-23T14:56:37.564Z     attempt 1 failed: <!DOCTYPE html><html><head><meta charSet="utf-8" data-next-head=""/><meta name="viewport" content="width=device-width" data-next-head=""/><style data-next-hide-fouc="true">body{display:none}</style><n
2026-09-23T14:56:42.582Z     attempt 2 failed: <!DOCTYPE html><html><head><meta charSet="utf-8" data-next-head=""/><meta name="viewport" content="width=device-width" data-next-head=""/><style data-next-hide-fouc="true">body{display:none}</style><n
2026-09-23T14:56:47.603Z     attempt 3 failed: <!DOCTYPE html><html><head><meta charSet="utf-8" data-next-head=""/><meta name="viewport" content="width=device-width" data-next-head=""/><style data-next-hide-fouc="true">body{display:none}</style><n
2026-09-23T14:56:52.621Z     attempt 4 failed: <!DOCTYPE html><html><head><meta charSet="utf-8" data-next-head=""/><meta name="viewport" content="width=device-width" data-next-head=""/><style data-next-hide-fouc="true">body{display:none}</style><n
2026-09-23T14:56:57.640Z     attempt 5 failed: <!DOCTYPE html><html><head><meta charSet="utf-8" data-next-head=""/><meta name="viewport" content="width=device-width" data-next-head=""/><style data-next-hide-fouc="true">body{display:none}</style><n
2026-09-23T14:57:02.658Z     attempt 6 failed: <!DOCTYPE html><html><head><meta charSet="utf-8" data-next-head=""/><meta name="viewport" content="width=device-width" data-next-head=""/><style data-next-hide-fouc="true">body{display:none}</style><n
2026-09-23T14:57:07.658Z     FAILED: <!DOCTYPE html><html><head><meta charSet="utf-8" data-next-head=""/><meta name="viewport" content="width=device-width" data-next-head=""/><style data-next-hide-fouc="true">body{display:none}</style><n
2026-09-23T14:57:09.659Z --- pink-and-gold-saree-mu2i3ps1 (Pink And Gold Saree)
2026-09-23T14:57:09.680Z     attempt 1 failed: <!DOCTYPE html><html><head><meta charSet="utf-8" data-next-head=""/><meta name="viewport" content="width=device-width" data-next-head=""/><style data-next-hide-fouc="true">body{display:none}</style><n
2026-09-23T14:57:14.698Z     attempt 2 failed: <!DOCTYPE html><html><head><meta charSet="utf-8" data-next-head=""/><meta name="viewport" content="width=device-width" data-next-head=""/><style data-next-hide-fouc="true">body{display:none}</style><n
2026-09-23T14:57:19.718Z     attempt 3 failed: <!DOCTYPE html><html><head><meta charSet="utf-8" data-next-head=""/><meta name="viewport" content="width=device-width" data-next-head=""/><style data-next-hide-fouc="true">body{display:none}</style><n
2026-09-23T14:57:24.735Z     attempt 4 failed: <!DOCTYPE html><html><head><meta charSet="utf-8" data-next-head=""/><meta name="viewport" content="width=device-width" data-next-head=""/><style data-next-hide-fouc="true">body{display:none}</style><n
2026-09-23T14:57:29.779Z     attempt 5 failed: <!DOCTYPE html><html><head><meta charSet="utf-8" data-next-head=""/><meta name="viewport" content="width=device-width" data-next-head=""/><style data-next-hide-fouc="true">body{display:none}</style><n
2026-09-23T14:57:34.797Z     attempt 6 failed: <!DOCTYPE html><html><head><meta charSet="utf-8" data-next-head=""/><meta name="viewport" content="width=device-width" data-next-head=""/><style data-next-hide-fouc="true">body{display:none}</style><n
2026-09-23T14:57:39.800Z     FAILED: <!DOCTYPE html><html><head><meta charSet="utf-8" data-next-head=""/><meta name="viewport" content="width=device-width" data-next-head=""/><style data-next-hide-fouc="true">body{display:none}</style><n
2026-09-23T14:57:41.800Z --- magenta-and-tan-with-gold-zari-accents-saree-mu2i64wo (Magenta And Tan With Gold Zari Accents Saree)
2026-09-23T14:57:41.824Z     attempt 1 failed: <!DOCTYPE html><html><head><meta charSet="utf-8" data-next-head=""/><meta name="viewport" content="width=device-width" data-next-head=""/><style data-next-hide-fouc="true">body{display:none}</style><n
2026-09-23T14:57:46.846Z     attempt 2 failed: <!DOCTYPE html><html><head><meta charSet="utf-8" data-next-head=""/><meta name="viewport" content="width=device-width" data-next-head=""/><style data-next-hide-fouc="true">body{display:none}</style><n
2026-09-23T14:57:51.868Z     attempt 3 failed: <!DOCTYPE html><html><head><meta charSet="utf-8" data-next-head=""/><meta name="viewport" content="width=device-width" data-next-head=""/><style data-next-hide-fouc="true">body{display:none}</style><n
2026-09-23T14:57:56.889Z     attempt 4 failed: <!DOCTYPE html><html><head><meta charSet="utf-8" data-next-head=""/><meta name="viewport" content="width=device-width" data-next-head=""/><style data-next-hide-fouc="true">body{display:none}</style><n
2026-09-23T14:58:01.909Z     attempt 5 failed: <!DOCTYPE html><html><head><meta charSet="utf-8" data-next-head=""/><meta name="viewport" content="width=device-width" data-next-head=""/><style data-next-hide-fouc="true">body{display:none}</style><n
2026-09-23T14:58:06.928Z     attempt 6 failed: <!DOCTYPE html><html><head><meta charSet="utf-8" data-next-head=""/><meta name="viewport" content="width=device-width" data-next-head=""/><style data-next-hide-fouc="true">body{display:none}</style><n
2026-09-23T14:58:11.928Z     FAILED: <!DOCTYPE html><html><head><meta charSet="utf-8" data-next-head=""/><meta name="viewport" content="width=device-width" data-next-head=""/><style data-next-hide-fouc="true">body{display:none}</style><n
2026-09-23T14:58:13.929Z --- teal-with-gold-zari-accents-saree-mu2hxjdi (Teal With Gold Zari Accents Saree)
2026-09-23T14:58:13.995Z     attempt 1 failed: <!DOCTYPE html><html><head><meta charSet="utf-8" data-next-head=""/><meta name="viewport" content="width=device-width" data-next-head=""/><style data-next-hide-fouc="true">body{display:none}</style><n
2026-09-23T14:58:19.015Z     attempt 2 failed: <!DOCTYPE html><html><head><meta charSet="utf-8" data-next-head=""/><meta name="viewport" content="width=device-width" data-next-head=""/><style data-next-hide-fouc="true">body{display:none}</style><n
2026-09-23T14:58:24.037Z     attempt 3 failed: <!DOCTYPE html><html><head><meta charSet="utf-8" data-next-head=""/><meta name="viewport" content="width=device-width" data-next-head=""/><style data-next-hide-fouc="true">body{display:none}</style><n
2026-09-23T14:58:29.055Z     attempt 4 failed: <!DOCTYPE html><html><head><meta charSet="utf-8" data-next-head=""/><meta name="viewport" content="width=device-width" data-next-head=""/><style data-next-hide-fouc="true">body{display:none}</style><n
2026-09-23T14:58:34.072Z     attempt 5 failed: <!DOCTYPE html><html><head><meta charSet="utf-8" data-next-head=""/><meta name="viewport" content="width=device-width" data-next-head=""/><style data-next-hide-fouc="true">body{display:none}</style><n
2026-09-23T14:58:39.090Z     attempt 6 failed: <!DOCTYPE html><html><head><meta charSet="utf-8" data-next-head=""/><meta name="viewport" content="width=device-width" data-next-head=""/><style data-next-hide-fouc="true">body{display:none}</style><n
2026-09-23T14:58:44.092Z     FAILED: <!DOCTYPE html><html><head><meta charSet="utf-8" data-next-head=""/><meta name="viewport" content="width=device-width" data-next-head=""/><style data-next-hide-fouc="true">body{display:none}</style><n
2026-09-23T14:58:46.093Z --- crimson-and-tan-with-gold-zari-accents-saree-mu2hzmb6 (Crimson And Tan With Gold Zari Accents Saree)
2026-09-23T14:58:46.115Z     attempt 1 failed: <!DOCTYPE html><html><head><meta charSet="utf-8" data-next-head=""/><meta name="viewport" content="width=device-width" data-next-head=""/><style data-next-hide-fouc="true">body{display:none}</style><n
2026-09-23T14:58:51.138Z     attempt 2 failed: <!DOCTYPE html><html><head><meta charSet="utf-8" data-next-head=""/><meta name="viewport" content="width=device-width" data-next-head=""/><style data-next-hide-fouc="true">body{display:none}</style><n
2026-09-23T14:58:56.160Z     attempt 3 failed: <!DOCTYPE html><html><head><meta charSet="utf-8" data-next-head=""/><meta name="viewport" content="width=device-width" data-next-head=""/><style data-next-hide-fouc="true">body{display:none}</style><n
2026-09-23T14:59:01.184Z     attempt 4 failed: <!DOCTYPE html><html><head><meta charSet="utf-8" data-next-head=""/><meta name="viewport" content="width=device-width" data-next-head=""/><style data-next-hide-fouc="true">body{display:none}</style><n
2026-09-23T14:59:06.205Z     attempt 5 failed: <!DOCTYPE html><html><head><meta charSet="utf-8" data-next-head=""/><meta name="viewport" content="width=device-width" data-next-head=""/><style data-next-hide-fouc="true">body{display:none}</style><n
2026-09-23T14:59:11.227Z     attempt 6 failed: <!DOCTYPE html><html><head><meta charSet="utf-8" data-next-head=""/><meta name="viewport" content="width=device-width" data-next-head=""/><style data-next-hide-fouc="true">body{display:none}</style><n
2026-09-23T14:59:16.227Z     FAILED: <!DOCTYPE html><html><head><meta charSet="utf-8" data-next-head=""/><meta name="viewport" content="width=device-width" data-next-head=""/><style data-next-hide-fouc="true">body{display:none}</style><n
2026-09-23T14:59:18.229Z --- orange-and-gold-saree-mu2i1ib3 (Orange And Gold Saree)
2026-09-23T14:59:18.250Z     attempt 1 failed: <!DOCTYPE html><html><head><meta charSet="utf-8" data-next-head=""/><meta name="viewport" content="width=device-width" data-next-head=""/><style data-next-hide-fouc="true">body{display:none}</style><n
2026-09-23T14:59:23.271Z     attempt 2 failed: <!DOCTYPE html><html><head><meta charSet="utf-8" data-next-head=""/><meta name="viewport" content="width=device-width" data-next-head=""/><style data-next-hide-fouc="true">body{display:none}</style><n
2026-09-23T14:59:28.292Z     attempt 3 failed: <!DOCTYPE html><html><head><meta charSet="utf-8" data-next-head=""/><meta name="viewport" content="width=device-width" data-next-head=""/><style data-next-hide-fouc="true">body{display:none}</style><n
2026-09-23T14:59:33.313Z     attempt 4 failed: <!DOCTYPE html><html><head><meta charSet="utf-8" data-next-head=""/><meta name="viewport" content="width=device-width" data-next-head=""/><style data-next-hide-fouc="true">body{display:none}</style><n
2026-09-23T14:59:38.335Z     attempt 5 failed: <!DOCTYPE html><html><head><meta charSet="utf-8" data-next-head=""/><meta name="viewport" content="width=device-width" data-next-head=""/><style data-next-hide-fouc="true">body{display:none}</style><n
2026-09-23T14:59:43.356Z     attempt 6 failed: <!DOCTYPE html><html><head><meta charSet="utf-8" data-next-head=""/><meta name="viewport" content="width=device-width" data-next-head=""/><style data-next-hide-fouc="true">body{display:none}</style><n
2026-09-23T14:59:48.357Z     FAILED: <!DOCTYPE html><html><head><meta charSet="utf-8" data-next-head=""/><meta name="viewport" content="width=device-width" data-next-head=""/><style data-next-hide-fouc="true">body{display:none}</style><n
2026-09-23T14:59:50.358Z --- crimson-and-brown-with-gold-zari-accents-saree-mu2i373t (Crimson And Brown With Gold Zari Accents Saree)
2026-09-23T14:59:50.381Z     attempt 1 failed: <!DOCTYPE html><html><head><meta charSet="utf-8" data-next-head=""/><meta name="viewport" content="width=device-width" data-next-head=""/><style data-next-hide-fouc="true">body{display:none}</style><n
2026-09-23T14:59:55.402Z     attempt 2 failed: <!DOCTYPE html><html><head><meta charSet="utf-8" data-next-head=""/><meta name="viewport" content="width=device-width" data-next-head=""/><style data-next-hide-fouc="true">body{display:none}</style><n
2026-09-23T15:00:00.445Z     attempt 3 failed: <!DOCTYPE html><html><head><meta charSet="utf-8" data-next-head=""/><meta name="viewport" content="width=device-width" data-next-head=""/><style data-next-hide-fouc="true">body{display:none}</style><n
2026-09-23T15:00:05.467Z     attempt 4 failed: <!DOCTYPE html><html><head><meta charSet="utf-8" data-next-head=""/><meta name="viewport" content="width=device-width" data-next-head=""/><style data-next-hide-fouc="true">body{display:none}</style><n
2026-09-23T15:00:10.493Z     attempt 5 failed: <!DOCTYPE html><html><head><meta charSet="utf-8" data-next-head=""/><meta name="viewport" content="width=device-width" data-next-head=""/><style data-next-hide-fouc="true">body{display:none}</style><n
2026-09-23T15:00:15.516Z     attempt 6 failed: <!DOCTYPE html><html><head><meta charSet="utf-8" data-next-head=""/><meta name="viewport" content="width=device-width" data-next-head=""/><style data-next-hide-fouc="true">body{display:none}</style><n
2026-09-23T15:00:20.518Z     FAILED: <!DOCTYPE html><html><head><meta charSet="utf-8" data-next-head=""/><meta name="viewport" content="width=device-width" data-next-head=""/><style data-next-hide-fouc="true">body{display:none}</style><n
2026-09-23T15:00:22.519Z --- magenta-with-gold-zari-accents-saree-mu2i3flx (Magenta With Gold Zari Accents Saree)
2026-09-23T15:00:22.546Z     attempt 1 failed: <!DOCTYPE html><html><head><meta charSet="utf-8" data-next-head=""/><meta name="viewport" content="width=device-width" data-next-head=""/><style data-next-hide-fouc="true">body{display:none}</style><n
2026-09-23T15:00:27.571Z     attempt 2 failed: <!DOCTYPE html><html><head><meta charSet="utf-8" data-next-head=""/><meta name="viewport" content="width=device-width" data-next-head=""/><style data-next-hide-fouc="true">body{display:none}</style><n
2026-09-23T15:00:32.597Z     attempt 3 failed: <!DOCTYPE html><html><head><meta charSet="utf-8" data-next-head=""/><meta name="viewport" content="width=device-width" data-next-head=""/><style data-next-hide-fouc="true">body{display:none}</style><n
2026-09-23T15:00:37.623Z     attempt 4 failed: <!DOCTYPE html><html><head><meta charSet="utf-8" data-next-head=""/><meta name="viewport" content="width=device-width" data-next-head=""/><style data-next-hide-fouc="true">body{display:none}</style><n
2026-09-23T15:00:42.646Z     attempt 5 failed: <!DOCTYPE html><html><head><meta charSet="utf-8" data-next-head=""/><meta name="viewport" content="width=device-width" data-next-head=""/><style data-next-hide-fouc="true">body{display:none}</style><n
2026-09-23T15:00:47.667Z     attempt 6 failed: <!DOCTYPE html><html><head><meta charSet="utf-8" data-next-head=""/><meta name="viewport" content="width=device-width" data-next-head=""/><style data-next-hide-fouc="true">body{display:none}</style><n
2026-09-23T15:00:52.668Z     FAILED: <!DOCTYPE html><html><head><meta charSet="utf-8" data-next-head=""/><meta name="viewport" content="width=device-width" data-next-head=""/><style data-next-hide-fouc="true">body{display:none}</style><n
2026-09-23T15:00:54.669Z --- orange-with-gold-zari-accents-saree-mu2hy02n (Orange With Gold Zari Accents Saree)
2026-09-23T15:00:54.691Z     attempt 1 failed: <!DOCTYPE html><html><head><meta charSet="utf-8" data-next-head=""/><meta name="viewport" content="width=device-width" data-next-head=""/><style data-next-hide-fouc="true">body{display:none}</style><n
2026-09-23T15:00:59.710Z     attempt 2 failed: <!DOCTYPE html><html><head><meta charSet="utf-8" data-next-head=""/><meta name="viewport" content="width=device-width" data-next-head=""/><style data-next-hide-fouc="true">body{display:none}</style><n
2026-09-23T15:01:04.730Z     attempt 3 failed: <!DOCTYPE html><html><head><meta charSet="utf-8" data-next-head=""/><meta name="viewport" content="width=device-width" data-next-head=""/><style data-next-hide-fouc="true">body{display:none}</style><n
2026-09-23T15:01:09.756Z     attempt 4 failed: <!DOCTYPE html><html><head><meta charSet="utf-8" data-next-head=""/><meta name="viewport" content="width=device-width" data-next-head=""/><style data-next-hide-fouc="true">body{display:none}</style><n
2026-09-23T15:01:14.778Z     attempt 5 failed: <!DOCTYPE html><html><head><meta charSet="utf-8" data-next-head=""/><meta name="viewport" content="width=device-width" data-next-head=""/><style data-next-hide-fouc="true">body{display:none}</style><n
2026-09-23T15:01:19.802Z     attempt 6 failed: <!DOCTYPE html><html><head><meta charSet="utf-8" data-next-head=""/><meta name="viewport" content="width=device-width" data-next-head=""/><style data-next-hide-fouc="true">body{display:none}</style><n
2026-09-23T15:01:24.803Z     FAILED: <!DOCTYPE html><html><head><meta charSet="utf-8" data-next-head=""/><meta name="viewport" content="width=device-width" data-next-head=""/><style data-next-hide-fouc="true">body{display:none}</style><n
2026-09-23T15:01:26.804Z --- crimson-and-orange-with-gold-zari-accents-saree-mu2hzuev (Crimson And Orange With Gold Zari Accents Saree)
2026-09-23T15:01:26.826Z     attempt 1 failed: <!DOCTYPE html><html><head><meta charSet="utf-8" data-next-head=""/><meta name="viewport" content="width=device-width" data-next-head=""/><style data-next-hide-fouc="true">body{display:none}</style><n
2026-09-23T15:01:31.847Z     attempt 2 failed: <!DOCTYPE html><html><head><meta charSet="utf-8" data-next-head=""/><meta name="viewport" content="width=device-width" data-next-head=""/><style data-next-hide-fouc="true">body{display:none}</style><n
2026-09-23T15:01:36.870Z     attempt 3 failed: <!DOCTYPE html><html><head><meta charSet="utf-8" data-next-head=""/><meta name="viewport" content="width=device-width" data-next-head=""/><style data-next-hide-fouc="true">body{display:none}</style><n
2026-09-23T15:01:41.894Z     attempt 4 failed: <!DOCTYPE html><html><head><meta charSet="utf-8" data-next-head=""/><meta name="viewport" content="width=device-width" data-next-head=""/><style data-next-hide-fouc="true">body{display:none}</style><n
2026-09-23T15:01:46.916Z     attempt 5 failed: <!DOCTYPE html><html><head><meta charSet="utf-8" data-next-head=""/><meta name="viewport" content="width=device-width" data-next-head=""/><style data-next-hide-fouc="true">body{display:none}</style><n
2026-09-23T15:01:51.938Z     attempt 6 failed: <!DOCTYPE html><html><head><meta charSet="utf-8" data-next-head=""/><meta name="viewport" content="width=device-width" data-next-head=""/><style data-next-hide-fouc="true">body{display:none}</style><n
2026-09-23T15:01:56.940Z     FAILED: <!DOCTYPE html><html><head><meta charSet="utf-8" data-next-head=""/><meta name="viewport" content="width=device-width" data-next-head=""/><style data-next-hide-fouc="true">body{display:none}</style><n
2026-09-23T15:01:58.940Z --- pink-and-gold-saree-mu2i19u6 (Pink And Gold Saree)
2026-09-23T15:01:58.963Z     attempt 1 failed: <!DOCTYPE html><html><head><meta charSet="utf-8" data-next-head=""/><meta name="viewport" content="width=device-width" data-next-head=""/><style data-next-hide-fouc="true">body{display:none}</style><n
2026-09-23T15:02:03.986Z     attempt 2 failed: <!DOCTYPE html><html><head><meta charSet="utf-8" data-next-head=""/><meta name="viewport" content="width=device-width" data-next-head=""/><style data-next-hide-fouc="true">body{display:none}</style><n
2026-09-23T15:02:09.008Z     attempt 3 failed: <!DOCTYPE html><html><head><meta charSet="utf-8" data-next-head=""/><meta name="viewport" content="width=device-width" data-next-head=""/><style data-next-hide-fouc="true">body{display:none}</style><n
2026-09-23T15:02:14.030Z     attempt 4 failed: <!DOCTYPE html><html><head><meta charSet="utf-8" data-next-head=""/><meta name="viewport" content="width=device-width" data-next-head=""/><style data-next-hide-fouc="true">body{display:none}</style><n
2026-09-23T15:02:19.053Z     attempt 5 failed: <!DOCTYPE html><html><head><meta charSet="utf-8" data-next-head=""/><meta name="viewport" content="width=device-width" data-next-head=""/><style data-next-hide-fouc="true">body{display:none}</style><n
2026-09-23T15:02:24.073Z     attempt 6 failed: <!DOCTYPE html><html><head><meta charSet="utf-8" data-next-head=""/><meta name="viewport" content="width=device-width" data-next-head=""/><style data-next-hide-fouc="true">body{display:none}</style><n
2026-09-23T15:02:29.073Z     FAILED: <!DOCTYPE html><html><head><meta charSet="utf-8" data-next-head=""/><meta name="viewport" content="width=device-width" data-next-head=""/><style data-next-hide-fouc="true">body{display:none}</style><n
2026-09-23T15:02:31.075Z --- silver-saree-mu2i5oti (Silver Saree)
2026-09-23T15:02:31.104Z     attempt 1 failed: <!DOCTYPE html><html><head><meta charSet="utf-8" data-next-head=""/><meta name="viewport" content="width=device-width" data-next-head=""/><style data-next-hide-fouc="true">body{display:none}</style><n
2026-09-23T15:02:36.125Z     attempt 2 failed: <!DOCTYPE html><html><head><meta charSet="utf-8" data-next-head=""/><meta name="viewport" content="width=device-width" data-next-head=""/><style data-next-hide-fouc="true">body{display:none}</style><n
2026-09-23T15:02:41.147Z     attempt 3 failed: <!DOCTYPE html><html><head><meta charSet="utf-8" data-next-head=""/><meta name="viewport" content="width=device-width" data-next-head=""/><style data-next-hide-fouc="true">body{display:none}</style><n
2026-09-23T15:02:46.169Z     attempt 4 failed: <!DOCTYPE html><html><head><meta charSet="utf-8" data-next-head=""/><meta name="viewport" content="width=device-width" data-next-head=""/><style data-next-hide-fouc="true">body{display:none}</style><n
2026-09-23T15:02:51.191Z     attempt 5 failed: <!DOCTYPE html><html><head><meta charSet="utf-8" data-next-head=""/><meta name="viewport" content="width=device-width" data-next-head=""/><style data-next-hide-fouc="true">body{display:none}</style><n
2026-09-23T15:02:56.231Z     attempt 6 failed: <!DOCTYPE html><html><head><meta charSet="utf-8" data-next-head=""/><meta name="viewport" content="width=device-width" data-next-head=""/><style data-next-hide-fouc="true">body{display:none}</style><n
2026-09-23T15:03:01.231Z     FAILED: <!DOCTYPE html><html><head><meta charSet="utf-8" data-next-head=""/><meta name="viewport" content="width=device-width" data-next-head=""/><style data-next-hide-fouc="true">body{display:none}</style><n
2026-09-23T15:03:03.233Z === batch end: 0 complete / 0 partial / 99 failed ===
2026-09-23T17:03:11.384Z === batch start: 1 products ===
2026-09-23T17:03:11.419Z --- orange-and-tan-with-gold-zari-accents-saree-mu2gzm7b (Orange And Tan With Gold Zari Accents Saree)
2026-09-23T17:03:16.088Z     attempt 1 failed: fetch failed
2026-09-23T17:03:24.369Z     attempt 2 failed: fetch failed
2026-09-23T17:03:33.312Z     attempt 3 failed: fetch failed
2026-09-23T17:03:41.839Z     attempt 4 failed: fetch failed
2026-09-23T17:03:49.979Z     attempt 5 failed: fetch failed
2026-09-23T17:03:57.842Z     attempt 6 failed: fetch failed
2026-09-23T17:04:02.843Z     FAILED: fetch failed
2026-09-23T17:04:04.844Z === batch end: 0 complete / 0 partial / 1 failed ===
2026-09-23T17:04:06.536Z === batch start: 0 products ===
2026-09-23T17:04:06.538Z === batch end: 0 complete / 0 partial / 0 failed ===
2026-09-23T17:04:08.343Z === batch start: 99 products ===
2026-09-23T17:04:08.345Z --- violet-with-gold-zari-accents-saree-mu2h1t71 (Violet With Gold Zari Accents Saree)
2026-09-23T17:04:10.918Z     attempt 1 failed: fetch failed
2026-09-23T17:04:18.408Z     attempt 2 failed: fetch failed
2026-09-23T17:04:26.803Z     attempt 3 failed: fetch failed
2026-09-23T17:04:34.552Z     attempt 4 failed: fetch failed
2026-09-23T17:04:42.380Z     attempt 5 failed: fetch failed
2026-09-23T17:04:49.538Z     attempt 6 failed: fetch failed
2026-09-23T17:04:54.539Z     FAILED: fetch failed
2026-09-23T17:04:56.540Z --- crimson-with-gold-zari-accents-saree-mu2h205p (Crimson With Gold Zari Accents Saree)
2026-09-23T17:04:59.489Z     attempt 1 failed: fetch failed
2026-09-23T17:05:07.167Z     attempt 2 failed: fetch failed
2026-09-23T17:05:14.943Z     attempt 3 failed: fetch failed
2026-09-23T17:05:24.076Z     attempt 4 failed: fetch failed
2026-09-23T17:05:31.580Z     attempt 5 failed: fetch failed
2026-09-23T17:05:38.838Z     attempt 6 failed: fetch failed
2026-09-23T17:05:43.839Z     FAILED: fetch failed
2026-09-23T17:05:45.840Z --- pink-and-deep-red-with-gold-zari-accents-saree-mu2h3702 (Pink And Deep Red With Gold Zari Accents Saree)
2026-09-23T17:05:48.188Z     attempt 1 failed: fetch failed
2026-09-23T17:05:55.678Z     attempt 2 failed: fetch failed
2026-09-23T17:06:03.454Z     attempt 3 failed: fetch failed
2026-09-23T17:06:11.566Z     attempt 4 failed: fetch failed
2026-09-23T17:06:18.977Z     attempt 5 failed: fetch failed
2026-09-23T17:06:26.132Z     attempt 6 failed: fetch failed
2026-09-23T17:06:31.132Z     FAILED: fetch failed
2026-09-23T17:06:33.133Z --- teal-with-gold-zari-accents-saree-mu2h2ey6 (Teal With Gold Zari Accents Saree)
2026-09-23T17:06:35.827Z     attempt 1 failed: fetch failed
2026-09-23T17:06:43.538Z     attempt 2 failed: fetch failed
2026-09-23T17:06:51.228Z     attempt 3 failed: fetch failed
2026-09-23T17:06:58.328Z     attempt 4 failed: fetch failed
2026-09-23T17:07:05.724Z     attempt 5 failed: fetch failed
2026-09-23T17:07:13.216Z     attempt 6 failed: fetch failed
2026-09-23T17:07:18.217Z     FAILED: fetch failed
2026-09-23T17:07:20.219Z --- crimson-and-brown-with-gold-zari-accents-saree-mu2h7av8 (Crimson And Brown With Gold Zari Accents Saree)
2026-09-23T17:07:22.608Z     attempt 1 failed: fetch failed
2026-09-23T17:07:30.697Z     attempt 2 failed: fetch failed
2026-09-23T17:07:38.342Z     attempt 3 failed: fetch failed
2026-09-23T17:07:46.206Z     attempt 4 failed: fetch failed
2026-09-23T17:07:53.988Z     attempt 5 failed: fetch failed
2026-09-23T17:08:01.512Z     attempt 6 failed: fetch failed
2026-09-23T17:08:06.512Z     FAILED: fetch failed
2026-09-23T17:08:08.513Z --- magenta-and-deep-red-with-silver-zari-accents-saree-mu2hkzqt (Magenta And Deep Red With Silver Zari Accents Saree)
2026-09-23T17:08:11.213Z     attempt 1 failed: fetch failed
2026-09-23T17:08:18.982Z     attempt 2 failed: fetch failed
2026-09-23T17:08:26.528Z     attempt 3 failed: fetch failed
2026-09-23T17:08:34.102Z     attempt 4 failed: fetch failed
2026-09-23T17:08:42.140Z     attempt 5 failed: fetch failed
2026-09-23T17:08:50.347Z     attempt 6 failed: fetch failed
2026-09-23T17:08:55.347Z     FAILED: fetch failed
2026-09-23T17:08:57.349Z --- orange-and-gold-saree-mu2hl8t9 (Orange And Gold Saree)
2026-09-23T17:08:59.799Z     attempt 1 failed: fetch failed
2026-09-23T17:09:07.300Z     attempt 2 failed: fetch failed
2026-09-23T17:09:14.951Z     attempt 3 failed: fetch failed
2026-09-23T17:09:22.772Z     attempt 4 failed: fetch failed
2026-09-23T17:09:30.081Z     attempt 5 failed: fetch failed
2026-09-23T17:09:37.721Z     attempt 6 failed: fetch failed
2026-09-23T17:09:42.723Z     FAILED: fetch failed
2026-09-23T17:09:44.724Z --- blue-and-silver-saree-mu2hlhs1 (Blue And Silver Saree)
2026-09-23T17:09:47.231Z     attempt 1 failed: fetch failed
2026-09-23T17:09:55.575Z     attempt 2 failed: fetch failed
2026-09-23T17:10:03.119Z     attempt 3 failed: fetch failed
2026-09-23T17:10:11.234Z     attempt 4 failed: fetch failed
2026-09-23T17:10:18.498Z     attempt 5 failed: fetch failed
2026-09-23T17:10:26.345Z     attempt 6 failed: fetch failed
2026-09-23T17:10:31.346Z     FAILED: fetch failed
2026-09-23T17:10:33.347Z --- silver-saree-mu2hlqdz (Silver Saree)
2026-09-23T17:10:36.133Z     attempt 1 failed: fetch failed
2026-09-23T17:10:43.539Z     attempt 2 failed: fetch failed
2026-09-23T17:10:50.740Z     attempt 3 failed: fetch failed
2026-09-23T17:10:58.214Z     attempt 4 failed: fetch failed
2026-09-23T17:11:05.981Z     attempt 5 failed: fetch failed
2026-09-23T17:11:13.160Z     attempt 6 failed: fetch failed
2026-09-23T17:11:18.161Z     FAILED: fetch failed
2026-09-23T17:11:20.162Z --- tan-and-crimson-with-gold-zari-accents-saree-mu2hlzav (Tan And Crimson With Gold Zari Accents Saree)
2026-09-23T17:11:22.840Z     attempt 1 failed: fetch failed
2026-09-23T17:11:30.627Z     attempt 2 failed: fetch failed
2026-09-23T17:11:37.915Z     attempt 3 failed: fetch failed
2026-09-23T17:11:45.883Z     attempt 4 failed: fetch failed
2026-09-23T17:11:53.059Z     attempt 5 failed: fetch failed
2026-09-23T17:12:00.162Z     attempt 6 failed: fetch failed
2026-09-23T17:12:05.164Z     FAILED: fetch failed
2026-09-23T17:12:07.164Z --- tan-with-gold-zari-accents-saree-mu2hm7pf (Tan With Gold Zari Accents Saree)
2026-09-23T17:12:10.098Z     attempt 1 failed: fetch failed
2026-09-23T17:12:18.555Z     attempt 2 failed: fetch failed
2026-09-23T17:12:28.154Z     attempt 3 failed: fetch failed
2026-09-23T17:12:35.539Z     attempt 4 failed: fetch failed
2026-09-23T17:12:42.863Z     attempt 5 failed: fetch failed
2026-09-23T17:12:51.019Z     attempt 6 failed: fetch failed
2026-09-23T17:12:56.019Z     FAILED: fetch failed
2026-09-23T17:12:58.020Z --- baby-pink-and-deep-green-with-gold-zari-accents-saree-mu2hmg (Baby Pink And Deep Green With Gold Zari Accents Saree)
2026-09-23T17:13:00.453Z     attempt 1 failed: fetch failed
2026-09-23T17:13:08.235Z     attempt 2 failed: fetch failed
2026-09-23T17:13:15.944Z     attempt 3 failed: fetch failed
2026-09-23T17:13:23.508Z     attempt 4 failed: fetch failed
2026-09-23T17:13:31.313Z     attempt 5 failed: fetch failed
2026-09-23T17:13:39.119Z     attempt 6 failed: fetch failed
2026-09-23T17:13:44.120Z     FAILED: fetch failed
2026-09-23T17:13:46.121Z --- teal-with-gold-zari-accents-saree-mu2hmp9l (Teal With Gold Zari Accents Saree)
2026-09-23T17:13:48.840Z     attempt 1 failed: fetch failed
2026-09-23T17:13:56.819Z     attempt 2 failed: fetch failed
2026-09-23T17:14:04.238Z     attempt 3 failed: fetch failed
2026-09-23T17:14:12.393Z     attempt 4 failed: fetch failed
2026-09-23T17:14:19.899Z     attempt 5 failed: fetch failed
2026-09-23T17:14:27.411Z     attempt 6 failed: fetch failed
2026-09-23T17:14:32.412Z     FAILED: fetch failed
2026-09-23T17:14:34.413Z --- orange-and-crimson-with-silver-zari-accents-saree-mu2hmy1m (Orange And Crimson With Silver Zari Accents Saree)
2026-09-23T17:14:37.140Z     attempt 1 failed: fetch failed
2026-09-23T17:14:44.913Z     attempt 2 failed: fetch failed
2026-09-23T17:14:52.886Z     attempt 3 failed: fetch failed
2026-09-23T17:15:00.154Z     attempt 4 failed: fetch failed
2026-09-23T17:15:07.436Z     attempt 5 failed: fetch failed
2026-09-23T17:15:14.754Z     attempt 6 failed: fetch failed
2026-09-23T17:15:19.756Z     FAILED: fetch failed
2026-09-23T17:15:21.756Z --- tan-and-baby-pink-with-gold-zari-accents-saree-mu2hn6u0 (Tan And Baby Pink With Gold Zari Accents Saree)
2026-09-23T17:15:24.993Z     attempt 1 failed: fetch failed
2026-09-23T17:15:32.407Z     attempt 2 failed: fetch failed
2026-09-23T17:15:39.596Z     attempt 3 failed: fetch failed
2026-09-23T17:15:46.803Z     attempt 4 failed: fetch failed
2026-09-23T17:15:54.363Z     attempt 5 failed: fetch failed
2026-09-23T17:16:02.074Z     attempt 6 failed: fetch failed
2026-09-23T17:16:07.075Z     FAILED: fetch failed
2026-09-23T17:16:09.075Z --- blue-and-orange-with-gold-zari-accents-saree-mu2hnfa7 (Blue And Orange With Gold Zari Accents Saree)
2026-09-23T17:16:11.900Z     attempt 1 failed: fetch failed
2026-09-23T17:16:19.463Z     attempt 2 failed: fetch failed
2026-09-23T17:16:26.808Z     attempt 3 failed: fetch failed
2026-09-23T17:16:34.763Z     attempt 4 failed: fetch failed
2026-09-23T17:16:42.537Z     attempt 5 failed: fetch failed
2026-09-23T17:16:49.830Z     attempt 6 failed: fetch failed
2026-09-23T17:16:54.831Z     FAILED: fetch failed
2026-09-23T17:16:56.832Z --- deep-red-and-brown-with-silver-zari-accents-saree-mu2hnuic (Deep Red And Brown With Silver Zari Accents Saree)
2026-09-23T17:16:59.447Z     attempt 1 failed: fetch failed
2026-09-23T17:17:06.856Z     attempt 2 failed: fetch failed
2026-09-23T17:17:13.985Z     attempt 3 failed: fetch failed
2026-09-23T17:17:21.597Z     attempt 4 failed: fetch failed
2026-09-23T17:17:29.089Z     attempt 5 failed: fetch failed
2026-09-23T17:17:36.645Z     attempt 6 failed: fetch failed
2026-09-23T17:17:41.645Z     FAILED: fetch failed
2026-09-23T17:17:43.645Z --- red-and-orange-with-gold-zari-accents-saree-mu2hocq9 (Red And Orange With Gold Zari Accents Saree)
2026-09-23T17:17:46.672Z     attempt 1 failed: fetch failed
2026-09-23T17:17:54.165Z     attempt 2 failed: fetch failed
2026-09-23T17:18:01.348Z     attempt 3 failed: fetch failed
2026-09-23T17:18:09.155Z     attempt 4 failed: fetch failed
2026-09-23T17:18:16.661Z     attempt 5 failed: fetch failed
2026-09-23T17:18:23.827Z     attempt 6 failed: fetch failed
2026-09-23T17:18:28.827Z     FAILED: fetch failed
2026-09-23T17:18:30.829Z --- royal-blue-and-crimson-with-silver-zari-accents-saree-mu2hom (Royal Blue And Crimson With Silver Zari Accents Saree)
2026-09-23T17:18:33.629Z     attempt 1 failed: fetch failed
2026-09-23T17:18:41.361Z     attempt 2 failed: fetch failed
2026-09-23T17:18:48.798Z     attempt 3 failed: fetch failed
2026-09-23T17:18:56.295Z     attempt 4 failed: fetch failed
2026-09-23T17:19:04.045Z     attempt 5 failed: fetch failed
2026-09-23T17:19:11.386Z     attempt 6 failed: fetch failed
2026-09-23T17:19:16.388Z     FAILED: fetch failed
2026-09-23T17:19:18.388Z --- royal-blue-and-crimson-with-gold-zari-accents-saree-mu2hpckh (Royal Blue And Crimson With Gold Zari Accents Saree)
2026-09-23T17:19:21.468Z     attempt 1 failed: fetch failed
2026-09-23T17:19:29.016Z     attempt 2 failed: fetch failed
2026-09-23T17:19:36.472Z     attempt 3 failed: fetch failed
2026-09-23T17:19:43.533Z     attempt 4 failed: fetch failed
2026-09-23T17:19:50.943Z     attempt 5 failed: fetch failed
2026-09-23T17:19:58.940Z     attempt 6 failed: fetch failed
2026-09-23T17:20:03.942Z     FAILED: fetch failed
2026-09-23T17:20:05.942Z --- silver-saree-mu2hplo0 (Silver Saree)
2026-09-23T17:20:08.870Z     attempt 1 failed: fetch failed
2026-09-23T17:20:16.255Z     attempt 2 failed: fetch failed
2026-09-23T17:20:23.719Z     attempt 3 failed: fetch failed
2026-09-23T17:20:31.912Z     attempt 4 failed: fetch failed
2026-09-23T17:20:39.983Z     attempt 5 failed: fetch failed
2026-09-23T17:20:47.182Z     attempt 6 failed: fetch failed
2026-09-23T17:20:52.185Z     FAILED: fetch failed
2026-09-23T17:20:54.186Z --- royal-blue-and-gold-saree-mu2hqb0t (Royal Blue And Gold Saree)
2026-09-23T17:20:56.854Z     attempt 1 failed: fetch failed
2026-09-23T17:21:04.324Z     attempt 2 failed: fetch failed
2026-09-23T17:21:12.027Z     attempt 3 failed: fetch failed
2026-09-23T17:21:19.379Z     attempt 4 failed: fetch failed
2026-09-23T17:21:26.455Z     attempt 5 failed: fetch failed
2026-09-23T17:21:33.617Z     attempt 6 failed: fetch failed
2026-09-23T17:21:38.618Z     FAILED: fetch failed
2026-09-23T17:21:40.619Z --- orange-with-gold-zari-accents-saree-mu2hp3kg (Orange With Gold Zari Accents Saree)
2026-09-23T17:21:43.017Z     attempt 1 failed: fetch failed
2026-09-23T17:21:50.508Z     attempt 2 failed: fetch failed
2026-09-23T17:21:58.046Z     attempt 3 failed: fetch failed
2026-09-23T17:22:05.719Z     attempt 4 failed: fetch failed
2026-09-23T17:22:12.924Z     attempt 5 failed: fetch failed
2026-09-23T17:22:20.664Z     attempt 6 failed: fetch failed
2026-09-23T17:22:25.664Z     FAILED: fetch failed
2026-09-23T17:22:27.667Z --- orange-and-deep-green-with-gold-zari-accents-saree-mu2hq28s (Orange And Deep Green With Gold Zari Accents Saree)
2026-09-23T17:22:30.528Z     attempt 1 failed: fetch failed
2026-09-23T17:22:37.638Z     attempt 2 failed: fetch failed
2026-09-23T17:22:45.063Z     attempt 3 failed: fetch failed
2026-09-23T17:22:52.458Z     attempt 4 failed: fetch failed
2026-09-23T17:22:59.965Z     attempt 5 failed: fetch failed
2026-09-23T17:23:07.485Z     attempt 6 failed: fetch failed
2026-09-23T17:23:12.486Z     FAILED: fetch failed
2026-09-23T17:23:14.487Z --- gold-and-deep-red-saree-mu2hs74h (Gold And Deep Red Saree)
2026-09-23T17:23:17.174Z     attempt 1 failed: fetch failed
2026-09-23T17:23:25.063Z     attempt 2 failed: fetch failed
2026-09-23T17:23:33.040Z     attempt 3 failed: fetch failed
2026-09-23T17:23:40.576Z     attempt 4 failed: fetch failed
2026-09-23T17:23:47.778Z     attempt 5 failed: fetch failed
2026-09-23T17:23:54.836Z     attempt 6 failed: fetch failed
2026-09-23T17:23:59.837Z     FAILED: fetch failed
2026-09-23T17:24:01.838Z --- yellow-with-gold-zari-accents-saree-mu2hsfpk (Yellow With Gold Zari Accents Saree)
2026-09-23T17:24:04.109Z     attempt 1 failed: fetch failed
2026-09-23T17:24:12.105Z     attempt 2 failed: fetch failed
2026-09-23T17:24:19.462Z     attempt 3 failed: fetch failed
2026-09-23T17:24:26.841Z     attempt 4 failed: fetch failed
2026-09-23T17:24:34.466Z     attempt 5 failed: fetch failed
2026-09-23T17:24:41.845Z     attempt 6 failed: fetch failed
2026-09-23T17:24:46.845Z     FAILED: fetch failed
2026-09-23T17:24:48.846Z --- crimson-and-teal-saree-mu2houmy (Crimson And Teal Saree)
2026-09-23T17:24:52.825Z     attempt 1 failed: fetch failed
2026-09-23T17:25:00.053Z     attempt 2 failed: fetch failed
2026-09-23T17:25:07.464Z     attempt 3 failed: fetch failed
2026-09-23T17:25:15.047Z     attempt 4 failed: fetch failed
2026-09-23T17:25:22.624Z     attempt 5 failed: fetch failed
2026-09-23T17:25:30.045Z     attempt 6 failed: fetch failed
2026-09-23T17:25:35.045Z     FAILED: fetch failed
2026-09-23T17:25:37.047Z --- magenta-and-brown-with-silver-zari-accents-saree-mu2hptxg (Magenta And Brown With Silver Zari Accents Saree)
2026-09-23T17:25:39.370Z     attempt 1 failed: fetch failed
2026-09-23T17:25:46.658Z     attempt 2 failed: fetch failed
2026-09-23T17:25:54.313Z     attempt 3 failed: fetch failed
2026-09-23T17:26:01.382Z     attempt 4 failed: fetch failed
2026-09-23T17:26:08.767Z     attempt 5 failed: fetch failed
2026-09-23T17:26:17.017Z     attempt 6 failed: fetch failed
2026-09-23T17:26:22.017Z     FAILED: fetch failed
2026-09-23T17:26:24.021Z --- rose-pink-and-magenta-with-gold-zari-accents-saree-mu2hqs1u (Rose Pink And Magenta With Gold Zari Accents Saree)
2026-09-23T17:26:26.298Z     attempt 1 failed: fetch failed
2026-09-23T17:26:34.512Z     attempt 2 failed: fetch failed
2026-09-23T17:26:41.980Z     attempt 3 failed: fetch failed
2026-09-23T17:26:49.273Z     attempt 4 failed: fetch failed
2026-09-23T17:26:56.343Z     attempt 5 failed: fetch failed
2026-09-23T17:27:03.457Z     attempt 6 failed: fetch failed
2026-09-23T17:27:08.458Z     FAILED: fetch failed
2026-09-23T17:27:10.459Z --- teal-and-blue-with-gold-zari-accents-saree-mu2hr8ne (Teal And Blue With Gold Zari Accents Saree)
2026-09-23T17:27:12.778Z     attempt 1 failed: fetch failed
2026-09-23T17:27:20.373Z     attempt 2 failed: fetch failed
2026-09-23T17:27:27.711Z     attempt 3 failed: fetch failed
2026-09-23T17:27:35.834Z     attempt 4 failed: fetch failed
2026-09-23T17:27:42.919Z     attempt 5 failed: fetch failed
2026-09-23T17:27:50.252Z     attempt 6 failed: fetch failed
2026-09-23T17:27:55.255Z     FAILED: fetch failed
2026-09-23T17:27:57.257Z --- gold-and-red-saree-mu2hry99 (Gold And Red Saree)
2026-09-23T17:27:59.551Z     attempt 1 failed: fetch failed
2026-09-23T17:28:06.829Z     attempt 2 failed: fetch failed
2026-09-23T17:28:14.938Z     attempt 3 failed: fetch failed
2026-09-23T17:28:21.996Z     attempt 4 failed: fetch failed
2026-09-23T17:28:29.146Z     attempt 5 failed: fetch failed
2026-09-23T17:28:36.411Z     attempt 6 failed: fetch failed
2026-09-23T17:28:41.411Z     FAILED: fetch failed
2026-09-23T17:28:43.414Z --- teal-and-violet-with-silver-zari-accents-saree-mu2hsweu (Teal And Violet With Silver Zari Accents Saree)
2026-09-23T17:28:45.643Z     attempt 1 failed: fetch failed
2026-09-23T17:28:52.693Z     attempt 2 failed: fetch failed
2026-09-23T17:28:59.853Z     attempt 3 failed: fetch failed
2026-09-23T17:29:07.308Z     attempt 4 failed: fetch failed
2026-09-23T17:29:14.985Z     attempt 5 failed: fetch failed
2026-09-23T17:29:22.654Z     attempt 6 failed: fetch failed
2026-09-23T17:29:27.655Z     FAILED: fetch failed
2026-09-23T17:29:29.656Z --- green-and-yellow-with-gold-zari-accents-saree-mu2hqj7v (Green And Yellow With Gold Zari Accents Saree)
2026-09-23T17:29:32.623Z     attempt 1 failed: fetch failed
2026-09-23T17:29:40.399Z     attempt 2 failed: fetch failed
2026-09-23T17:29:47.909Z     attempt 3 failed: fetch failed
2026-09-23T17:29:55.490Z     attempt 4 failed: fetch failed
2026-09-23T17:30:02.499Z     attempt 5 failed: fetch failed
2026-09-23T17:30:09.537Z     attempt 6 failed: fetch failed
2026-09-23T17:30:14.538Z     FAILED: fetch failed
2026-09-23T17:30:16.538Z --- navy-blue-and-deep-red-with-gold-zari-accents-saree-mu2ht4rs (Navy Blue And Deep Red With Gold Zari Accents Saree)
2026-09-23T17:30:19.182Z     attempt 1 failed: fetch failed
2026-09-23T17:30:26.763Z     attempt 2 failed: fetch failed
2026-09-23T17:30:34.716Z     attempt 3 failed: fetch failed
2026-09-23T17:30:42.261Z     attempt 4 failed: fetch failed
2026-09-23T17:30:49.560Z     attempt 5 failed: fetch failed
2026-09-23T17:30:56.958Z     attempt 6 failed: fetch failed
2026-09-23T17:31:01.958Z     FAILED: fetch failed
2026-09-23T17:31:03.959Z --- baby-pink-and-tan-with-silver-zari-accents-saree-mu2hr0ax (Baby Pink And Tan With Silver Zari Accents Saree)
2026-09-23T17:31:06.181Z     attempt 1 failed: fetch failed
2026-09-23T17:31:13.535Z     attempt 2 failed: fetch failed
2026-09-23T17:31:21.259Z     attempt 3 failed: fetch failed
2026-09-23T17:31:28.760Z     attempt 4 failed: fetch failed
2026-09-23T17:31:35.738Z     attempt 5 failed: fetch failed
2026-09-23T17:31:42.810Z     attempt 6 failed: fetch failed
2026-09-23T17:31:47.811Z     FAILED: fetch failed
2026-09-23T17:31:49.814Z --- royal-blue-with-silver-zari-accents-saree-mu2hsnwl (Royal Blue With Silver Zari Accents Saree)
2026-09-23T17:31:52.074Z     attempt 1 failed: fetch failed
2026-09-23T17:31:59.393Z     attempt 2 failed: fetch failed
2026-09-23T17:32:06.784Z     attempt 3 failed: fetch failed
2026-09-23T17:32:14.075Z     attempt 4 failed: fetch failed
2026-09-23T17:32:21.323Z     attempt 5 failed: fetch failed
2026-09-23T17:32:28.402Z     attempt 6 failed: fetch failed
2026-09-23T17:32:33.404Z     FAILED: fetch failed
2026-09-23T17:32:35.404Z --- gold-and-orange-saree-mu2hrhbx (Gold And Orange Saree)
2026-09-23T17:32:37.762Z     attempt 1 failed: fetch failed
2026-09-23T17:32:45.240Z     attempt 2 failed: fetch failed
2026-09-23T17:32:52.536Z     attempt 3 failed: fetch failed
2026-09-23T17:32:59.844Z     attempt 4 failed: fetch failed
2026-09-23T17:33:06.936Z     attempt 5 failed: fetch failed
2026-09-23T17:33:13.981Z     attempt 6 failed: fetch failed
2026-09-23T17:33:18.981Z     FAILED: fetch failed
2026-09-23T17:33:20.983Z --- orange-and-blue-with-gold-zari-accents-saree-mu2hrptp (Orange And Blue With Gold Zari Accents Saree)
2026-09-23T17:33:23.393Z     attempt 1 failed: fetch failed
2026-09-23T17:33:30.785Z     attempt 2 failed: fetch failed
2026-09-23T17:33:38.039Z     attempt 3 failed: fetch failed
2026-09-23T17:33:45.398Z     attempt 4 failed: fetch failed
2026-09-23T17:33:52.891Z     attempt 5 failed: fetch failed
2026-09-23T17:34:00.252Z     attempt 6 failed: fetch failed
2026-09-23T17:34:05.253Z     FAILED: fetch failed
2026-09-23T17:34:07.254Z --- brown-and-baby-pink-with-gold-zari-accents-saree-mu2htdbl (Brown And Baby Pink With Gold Zari Accents Saree)
2026-09-23T17:34:09.567Z     attempt 1 failed: fetch failed
2026-09-23T17:34:16.734Z     attempt 2 failed: fetch failed
2026-09-23T17:34:24.017Z     attempt 3 failed: fetch failed
2026-09-23T17:34:31.091Z     attempt 4 failed: fetch failed
2026-09-23T17:34:38.096Z     attempt 5 failed: fetch failed
2026-09-23T17:34:45.412Z     attempt 6 failed: fetch failed
2026-09-23T17:34:50.413Z     FAILED: fetch failed
2026-09-23T17:34:52.414Z --- maroon-and-gold-saree-mu2htlm8 (Maroon And Gold Saree)
2026-09-23T17:34:54.748Z     attempt 1 failed: fetch failed
2026-09-23T17:35:02.109Z     attempt 2 failed: fetch failed
2026-09-23T17:35:09.414Z     attempt 3 failed: fetch failed
2026-09-23T17:35:16.730Z     attempt 4 failed: fetch failed
2026-09-23T17:35:24.482Z     attempt 5 failed: fetch failed
2026-09-23T17:35:31.620Z     attempt 6 failed: fetch failed
2026-09-23T17:35:36.623Z     FAILED: fetch failed
2026-09-23T17:35:38.625Z --- brown-and-silver-saree-mu2httxg (Brown And Silver Saree)
2026-09-23T17:35:40.912Z     attempt 1 failed: fetch failed
2026-09-23T17:35:48.365Z     attempt 2 failed: fetch failed
2026-09-23T17:35:55.689Z     attempt 3 failed: fetch failed
2026-09-23T17:36:02.757Z     attempt 4 failed: fetch failed
2026-09-23T17:36:10.428Z     attempt 5 failed: fetch failed
2026-09-23T17:36:17.467Z     attempt 6 failed: fetch failed
2026-09-23T17:36:22.470Z     FAILED: fetch failed
2026-09-23T17:36:24.470Z --- teal-and-green-with-silver-zari-accents-saree-mu2hu27u (Teal And Green With Silver Zari Accents Saree)
2026-09-23T17:36:26.717Z     attempt 1 failed: fetch failed
2026-09-23T17:36:34.130Z     attempt 2 failed: fetch failed
2026-09-23T17:36:41.850Z     attempt 3 failed: fetch failed
2026-09-23T17:36:49.464Z     attempt 4 failed: fetch failed
2026-09-23T17:36:57.039Z     attempt 5 failed: fetch failed
2026-09-23T17:37:04.644Z     attempt 6 failed: fetch failed
2026-09-23T17:37:09.645Z     FAILED: fetch failed
2026-09-23T17:37:11.648Z --- orange-and-tan-with-gold-zari-accents-saree-mu2hub6z (Orange And Tan With Gold Zari Accents Saree)
2026-09-23T17:37:13.901Z     attempt 1 failed: fetch failed
2026-09-23T17:37:21.138Z     attempt 2 failed: fetch failed
2026-09-23T17:37:28.419Z     attempt 3 failed: fetch failed
2026-09-23T17:37:35.796Z     attempt 4 failed: fetch failed
2026-09-23T17:37:42.839Z     attempt 5 failed: fetch failed
2026-09-23T17:37:50.066Z     attempt 6 failed: fetch failed
2026-09-23T17:37:55.066Z     FAILED: fetch failed
2026-09-23T17:37:57.067Z --- teal-and-gold-saree-mu2huj8h (Teal And Gold Saree)
2026-09-23T17:37:59.359Z     attempt 1 failed: fetch failed
2026-09-23T17:38:06.903Z     attempt 2 failed: fetch failed
2026-09-23T17:38:14.202Z     attempt 3 failed: fetch failed
2026-09-23T17:38:21.503Z     attempt 4 failed: fetch failed
2026-09-23T17:38:28.630Z     attempt 5 failed: fetch failed
2026-09-23T17:38:35.940Z     attempt 6 failed: fetch failed
2026-09-23T17:38:40.940Z     FAILED: fetch failed
2026-09-23T17:38:42.941Z --- teal-and-deep-green-with-gold-zari-accents-saree-mu2hur2i (Teal And Deep Green With Gold Zari Accents Saree)
2026-09-23T17:38:45.545Z     attempt 1 failed: fetch failed
2026-09-23T17:38:52.870Z     attempt 2 failed: fetch failed
2026-09-23T17:39:00.144Z     attempt 3 failed: fetch failed
2026-09-23T17:39:07.516Z     attempt 4 failed: fetch failed
2026-09-23T17:39:14.502Z     attempt 5 failed: fetch failed
2026-09-23T17:39:21.439Z     attempt 6 failed: fetch failed
2026-09-23T17:39:26.440Z     FAILED: fetch failed
2026-09-23T17:39:28.443Z --- teal-and-green-with-silver-zari-accents-saree-mu2huze6 (Teal And Green With Silver Zari Accents Saree)
2026-09-23T17:39:30.738Z     attempt 1 failed: fetch failed
2026-09-23T17:39:38.054Z     attempt 2 failed: fetch failed
2026-09-23T17:39:45.299Z     attempt 3 failed: fetch failed
2026-09-23T17:39:52.370Z     attempt 4 failed: fetch failed
2026-09-23T17:39:59.368Z     attempt 5 failed: fetch failed
2026-09-23T17:40:06.566Z     attempt 6 failed: fetch failed
2026-09-23T17:40:11.567Z     FAILED: fetch failed
2026-09-23T17:40:13.570Z --- royal-blue-and-deep-red-with-gold-zari-accents-saree-mu2hv7t (Royal Blue And Deep Red With Gold Zari Accents Saree)
2026-09-23T17:40:16.111Z     attempt 1 failed: fetch failed
2026-09-23T17:40:23.326Z     attempt 2 failed: fetch failed
2026-09-23T17:40:30.335Z     attempt 3 failed: fetch failed
2026-09-23T17:40:37.787Z     attempt 4 failed: fetch failed
2026-09-23T17:40:45.307Z     attempt 5 failed: fetch failed
2026-09-23T17:40:52.862Z     attempt 6 failed: fetch failed
2026-09-23T17:40:57.863Z     FAILED: fetch failed
2026-09-23T17:40:59.864Z --- orange-with-gold-zari-accents-saree-mu2hvfuf (Orange With Gold Zari Accents Saree)
2026-09-23T17:41:03.056Z     attempt 1 failed: fetch failed
2026-09-23T17:41:10.533Z     attempt 2 failed: fetch failed
2026-09-23T17:41:17.827Z     attempt 3 failed: fetch failed
2026-09-23T17:41:24.871Z     attempt 4 failed: fetch failed
2026-09-23T17:41:32.580Z     attempt 5 failed: fetch failed
2026-09-23T17:41:40.062Z     attempt 6 failed: fetch failed
2026-09-23T17:41:45.062Z     FAILED: fetch failed
2026-09-23T17:41:47.064Z --- rose-pink-and-gold-saree-mu2hvofq (Rose Pink And Gold Saree)
2026-09-23T17:41:49.755Z     attempt 1 failed: fetch failed
2026-09-23T17:41:57.053Z     attempt 2 failed: fetch failed
2026-09-23T17:42:04.319Z     attempt 3 failed: fetch failed
2026-09-23T17:42:11.645Z     attempt 4 failed: fetch failed
2026-09-23T17:42:18.931Z     attempt 5 failed: fetch failed
2026-09-23T17:42:26.077Z     attempt 6 failed: fetch failed
2026-09-23T17:42:31.077Z     FAILED: fetch failed
2026-09-23T17:42:33.078Z --- violet-with-gold-zari-accents-saree-mu2hwtmz (Violet With Gold Zari Accents Saree)
2026-09-23T17:42:35.216Z     attempt 1 failed: fetch failed
2026-09-23T17:42:42.460Z     attempt 2 failed: fetch failed
2026-09-23T17:42:49.688Z     attempt 3 failed: fetch failed
2026-09-23T17:42:56.873Z     attempt 4 failed: fetch failed
2026-09-23T17:43:04.290Z     attempt 5 failed: fetch failed
2026-09-23T17:43:12.021Z     attempt 6 failed: fetch failed
2026-09-23T17:43:17.022Z     FAILED: fetch failed
2026-09-23T17:43:19.023Z --- tan-with-silver-zari-accents-saree-mu2hyolv (Tan With Silver Zari Accents Saree)
2026-09-23T17:43:21.658Z     attempt 1 failed: fetch failed
2026-09-23T17:43:29.471Z     attempt 2 failed: fetch failed
2026-09-23T17:43:36.428Z     attempt 3 failed: fetch failed
2026-09-23T17:43:43.513Z     attempt 4 failed: fetch failed
2026-09-23T17:43:51.318Z     attempt 5 failed: fetch failed
2026-09-23T17:43:58.477Z     attempt 6 failed: fetch failed
2026-09-23T17:44:03.477Z     FAILED: fetch failed
2026-09-23T17:44:05.481Z --- teal-with-gold-zari-accents-saree-mu2i0bg3 (Teal With Gold Zari Accents Saree)
2026-09-23T17:44:07.772Z     attempt 1 failed: fetch failed
2026-09-23T17:44:15.388Z     attempt 2 failed: fetch failed
2026-09-23T17:44:22.424Z     attempt 3 failed: fetch failed
2026-09-23T17:44:29.758Z     attempt 4 failed: fetch failed
2026-09-23T17:44:37.380Z     attempt 5 failed: fetch failed
2026-09-23T17:44:44.552Z     attempt 6 failed: fetch failed
2026-09-23T17:44:49.552Z     FAILED: fetch failed
2026-09-23T17:44:51.554Z --- pink-with-gold-zari-accents-saree-mu2i1yvp (Pink With Gold Zari Accents Saree)
2026-09-23T17:44:53.884Z     attempt 1 failed: fetch failed
2026-09-23T17:45:01.133Z     attempt 2 failed: fetch failed
2026-09-23T17:45:08.681Z     attempt 3 failed: fetch failed
2026-09-23T17:45:17.682Z     attempt 4 failed: fetch failed
2026-09-23T17:45:24.732Z     attempt 5 failed: fetch failed
2026-09-23T17:45:31.725Z     attempt 6 failed: fetch failed
2026-09-23T17:45:36.725Z     FAILED: fetch failed
2026-09-23T17:45:38.725Z --- orange-and-brown-with-gold-zari-accents-saree-mu2i3y3m (Orange And Brown With Gold Zari Accents Saree)
2026-09-23T17:45:41.621Z     attempt 1 failed: fetch failed
2026-09-23T17:45:48.819Z     attempt 2 failed: fetch failed
2026-09-23T17:45:56.555Z     attempt 3 failed: fetch failed
2026-09-23T17:46:03.630Z     attempt 4 failed: fetch failed
2026-09-23T17:46:10.870Z     attempt 5 failed: fetch failed
2026-09-23T17:46:17.964Z     attempt 6 failed: fetch failed
2026-09-23T17:46:22.967Z     FAILED: fetch failed
2026-09-23T17:46:24.968Z --- baby-pink-and-brown-with-gold-zari-accents-saree-mu2i4y6v (Baby Pink And Brown With Gold Zari Accents Saree)
2026-09-23T17:46:27.256Z     attempt 1 failed: fetch failed
2026-09-23T17:46:34.577Z     attempt 2 failed: fetch failed
2026-09-23T17:46:41.862Z     attempt 3 failed: fetch failed
2026-09-23T17:46:49.405Z     attempt 4 failed: fetch failed
2026-09-23T17:46:56.606Z     attempt 5 failed: fetch failed
2026-09-23T17:47:03.680Z     attempt 6 failed: fetch failed
2026-09-23T17:47:08.680Z     FAILED: fetch failed
2026-09-23T17:47:10.681Z --- green-and-silver-saree-mu2i6lt6 (Green And Silver Saree)
2026-09-23T17:47:12.833Z     attempt 1 failed: fetch failed
2026-09-23T17:47:20.123Z     attempt 2 failed: fetch failed
2026-09-23T17:47:27.035Z     attempt 3 failed: fetch failed
2026-09-23T17:47:34.238Z     attempt 4 failed: fetch failed
2026-09-23T17:47:41.216Z     attempt 5 failed: fetch failed
2026-09-23T17:47:48.216Z     attempt 6 failed: fetch failed
2026-09-23T17:47:53.217Z     FAILED: fetch failed
2026-09-23T17:47:55.220Z --- gold-and-deep-red-saree-mu2i6ueb (Gold And Deep Red Saree)
2026-09-23T17:47:57.470Z     attempt 1 failed: fetch failed
2026-09-23T17:48:04.991Z     attempt 2 failed: fetch failed
2026-09-23T17:48:12.166Z     attempt 3 failed: fetch failed
2026-09-23T17:48:19.243Z     attempt 4 failed: fetch failed
2026-09-23T17:48:26.564Z     attempt 5 failed: fetch failed
2026-09-23T17:48:33.650Z     attempt 6 failed: fetch failed
2026-09-23T17:48:38.651Z     FAILED: fetch failed
2026-09-23T17:48:40.652Z --- blue-and-brown-with-gold-zari-accents-saree-mu2hvwj2 (Blue And Brown With Gold Zari Accents Saree)
2026-09-23T17:48:42.948Z     attempt 1 failed: fetch failed
2026-09-23T17:48:50.240Z     attempt 2 failed: fetch failed
2026-09-23T17:48:57.262Z     attempt 3 failed: fetch failed
2026-09-23T17:49:04.432Z     attempt 4 failed: fetch failed
2026-09-23T17:49:11.632Z     attempt 5 failed: fetch failed
2026-09-23T17:49:18.656Z     attempt 6 failed: fetch failed
2026-09-23T17:49:23.657Z     FAILED: fetch failed
2026-09-23T17:49:25.660Z --- gold-and-red-saree-mu2hxb2a (Gold And Red Saree)
2026-09-23T17:49:27.986Z     attempt 1 failed: fetch failed
2026-09-23T17:49:35.003Z     attempt 2 failed: fetch failed
2026-09-23T17:49:42.258Z     attempt 3 failed: fetch failed
2026-09-23T17:49:50.153Z     attempt 4 failed: fetch failed
2026-09-23T17:49:57.436Z     attempt 5 failed: fetch failed
2026-09-23T17:50:04.748Z     attempt 6 failed: fetch failed
2026-09-23T17:50:09.749Z     FAILED: fetch failed
2026-09-23T17:50:11.749Z --- orange-and-gold-saree-mu2hz5gd (Orange And Gold Saree)
2026-09-23T17:50:14.626Z     attempt 1 failed: fetch failed
2026-09-23T17:50:21.963Z     attempt 2 failed: fetch failed
2026-09-23T17:50:29.071Z     attempt 3 failed: fetch failed
2026-09-23T17:50:36.177Z     attempt 4 failed: fetch failed
2026-09-23T17:50:43.706Z     attempt 5 failed: fetch failed
2026-09-23T17:50:50.872Z     attempt 6 failed: fetch failed
2026-09-23T17:50:55.873Z     FAILED: fetch failed
2026-09-23T17:50:57.875Z --- orange-and-crimson-with-gold-zari-accents-saree-mu2i1158 (Orange And Crimson With Gold Zari Accents Saree)
2026-09-23T17:51:00.041Z     attempt 1 failed: fetch failed
2026-09-23T17:51:07.600Z     attempt 2 failed: fetch failed
2026-09-23T17:51:15.103Z     attempt 3 failed: fetch failed
2026-09-23T17:51:22.122Z     attempt 4 failed: fetch failed
2026-09-23T17:51:29.656Z     attempt 5 failed: fetch failed
2026-09-23T17:51:37.483Z     attempt 6 failed: fetch failed
2026-09-23T17:51:42.484Z     FAILED: fetch failed
2026-09-23T17:51:44.488Z --- green-with-gold-zari-accents-saree-mu2i2wqo (Green With Gold Zari Accents Saree)
2026-09-23T17:51:47.351Z     attempt 1 failed: fetch failed
2026-09-23T17:51:54.472Z     attempt 2 failed: fetch failed
2026-09-23T17:52:01.702Z     attempt 3 failed: fetch failed
2026-09-23T17:52:08.915Z     attempt 4 failed: fetch failed
2026-09-23T17:52:16.523Z     attempt 5 failed: fetch failed
2026-09-23T17:52:23.650Z     attempt 6 failed: fetch failed
2026-09-23T17:52:28.652Z     FAILED: fetch failed
2026-09-23T17:52:30.655Z --- gold-and-silver-saree-mu2i5x2w (Gold And Silver Saree)
2026-09-23T17:52:32.920Z     attempt 1 failed: fetch failed
2026-09-23T17:52:40.189Z     attempt 2 failed: fetch failed
2026-09-23T17:52:48.088Z     attempt 3 failed: fetch failed
2026-09-23T17:52:55.678Z     attempt 4 failed: fetch failed
2026-09-23T17:53:03.378Z     attempt 5 failed: fetch failed
2026-09-23T17:53:10.445Z     attempt 6 failed: fetch failed
2026-09-23T17:53:15.447Z     FAILED: fetch failed
2026-09-23T17:53:17.448Z --- magenta-and-pink-with-gold-zari-accents-saree-mu2hw4rs (Magenta And Pink With Gold Zari Accents Saree)
2026-09-23T17:53:20.458Z     attempt 1 failed: fetch failed
2026-09-23T17:53:27.592Z     attempt 2 failed: fetch failed
2026-09-23T17:53:34.710Z     attempt 3 failed: fetch failed
2026-09-23T17:53:42.604Z     attempt 4 failed: fetch failed
2026-09-23T17:53:50.065Z     attempt 5 failed: fetch failed
2026-09-23T17:53:57.186Z     attempt 6 failed: fetch failed
2026-09-23T17:54:02.186Z     FAILED: fetch failed
2026-09-23T17:54:04.188Z --- brown-with-gold-zari-accents-saree-mu2hxrhi (Brown With Gold Zari Accents Saree)
2026-09-23T17:54:06.516Z     attempt 1 failed: fetch failed
2026-09-23T17:54:13.739Z     attempt 2 failed: fetch failed
2026-09-23T17:54:20.760Z     attempt 3 failed: fetch failed
2026-09-23T17:54:27.807Z     attempt 4 failed: fetch failed
2026-09-23T17:54:35.035Z     attempt 5 failed: fetch failed
2026-09-23T17:54:42.286Z     attempt 6 failed: fetch failed
2026-09-23T17:54:47.286Z     FAILED: fetch failed
2026-09-23T17:54:49.287Z --- maroon-and-orange-with-gold-zari-accents-saree-mu2hze7d (Maroon And Orange With Gold Zari Accents Saree)
2026-09-23T17:54:51.465Z     attempt 1 failed: fetch failed
2026-09-23T17:54:58.813Z     attempt 2 failed: fetch failed
2026-09-23T17:55:06.320Z     attempt 3 failed: fetch failed
2026-09-23T17:55:13.639Z     attempt 4 failed: fetch failed
2026-09-23T17:55:21.020Z     attempt 5 failed: fetch failed
2026-09-23T17:55:28.368Z     attempt 6 failed: fetch failed
2026-09-23T17:55:33.369Z     FAILED: fetch failed
2026-09-23T17:55:35.372Z --- orange-with-gold-zari-accents-saree-mu2i1qa9 (Orange With Gold Zari Accents Saree)
2026-09-23T17:55:38.188Z     attempt 1 failed: fetch failed
2026-09-23T17:55:45.438Z     attempt 2 failed: fetch failed
2026-09-23T17:55:52.977Z     attempt 3 failed: fetch failed
2026-09-23T17:55:59.980Z     attempt 4 failed: fetch failed
2026-09-23T17:56:06.951Z     attempt 5 failed: fetch failed
2026-09-23T17:56:14.161Z     attempt 6 failed: fetch failed
2026-09-23T17:56:19.164Z     FAILED: fetch failed
2026-09-23T17:56:21.164Z --- teal-and-silver-saree-mu2i4pz9 (Teal And Silver Saree)
2026-09-23T17:56:23.496Z     attempt 1 failed: fetch failed
2026-09-23T17:56:31.228Z     attempt 2 failed: fetch failed
2026-09-23T17:56:38.215Z     attempt 3 failed: fetch failed
2026-09-23T17:56:45.974Z     attempt 4 failed: fetch failed
2026-09-23T17:56:52.923Z     attempt 5 failed: fetch failed
2026-09-23T17:57:00.027Z     attempt 6 failed: fetch failed
2026-09-23T17:57:05.027Z     FAILED: fetch failed
2026-09-23T17:57:07.027Z --- gold-saree-mu2i7boe (Gold Saree)
2026-09-23T17:57:09.598Z     attempt 1 failed: fetch failed
2026-09-23T17:57:16.498Z     attempt 2 failed: fetch failed
2026-09-23T17:57:23.838Z     attempt 3 failed: fetch failed
2026-09-23T17:57:31.313Z     attempt 4 failed: fetch failed
2026-09-23T17:57:38.303Z     attempt 5 failed: fetch failed
2026-09-23T17:57:45.403Z     attempt 6 failed: fetch failed
2026-09-23T17:57:50.404Z     FAILED: fetch failed
2026-09-23T17:57:52.404Z --- rose-pink-and-magenta-with-gold-zari-accents-saree-mu2i7kkn (Rose Pink And Magenta With Gold Zari Accents Saree)
2026-09-23T17:57:54.928Z     attempt 1 failed: fetch failed
2026-09-23T17:58:02.206Z     attempt 2 failed: fetch failed
2026-09-23T17:58:09.547Z     attempt 3 failed: fetch failed
2026-09-23T17:58:16.901Z     attempt 4 failed: fetch failed
2026-09-23T17:58:24.909Z     attempt 5 failed: fetch failed
2026-09-23T17:58:31.999Z     attempt 6 failed: fetch failed
2026-09-23T17:58:36.999Z     FAILED: fetch failed
2026-09-23T17:58:39.002Z --- mustard-yellow-and-brown-with-gold-zari-accents-saree-mu2hwd (Mustard Yellow And Brown With Gold Zari Accents Saree)
2026-09-23T17:58:41.168Z     attempt 1 failed: fetch failed
2026-09-23T17:58:48.999Z     attempt 2 failed: fetch failed
2026-09-23T17:58:56.445Z     attempt 3 failed: fetch failed
2026-09-23T17:59:03.761Z     attempt 4 failed: fetch failed
2026-09-23T17:59:10.825Z     attempt 5 failed: fetch failed
2026-09-23T17:59:17.843Z     attempt 6 failed: fetch failed
2026-09-23T17:59:22.845Z     FAILED: fetch failed
2026-09-23T17:59:24.848Z --- pink-and-orange-with-gold-zari-accents-saree-mu2hy86g (Pink And Orange With Gold Zari Accents Saree)
2026-09-23T17:59:27.488Z     attempt 1 failed: fetch failed
2026-09-23T17:59:34.737Z     attempt 2 failed: fetch failed
2026-09-23T17:59:41.999Z     attempt 3 failed: fetch failed
2026-09-23T17:59:49.226Z     attempt 4 failed: fetch failed
2026-09-23T17:59:56.386Z     attempt 5 failed: fetch failed
2026-09-23T18:00:03.454Z     attempt 6 failed: fetch failed
2026-09-23T18:00:08.455Z     FAILED: fetch failed
2026-09-23T18:00:10.456Z --- royal-blue-and-orange-with-gold-zari-accents-saree-mu2i031t (Royal Blue And Orange With Gold Zari Accents Saree)
2026-09-23T18:00:13.441Z     attempt 1 failed: fetch failed
2026-09-23T18:00:21.493Z     attempt 2 failed: fetch failed
2026-09-23T18:00:28.993Z     attempt 3 failed: fetch failed
2026-09-23T18:00:37.288Z     attempt 4 failed: fetch failed
2026-09-23T18:00:44.649Z     attempt 5 failed: fetch failed
2026-09-23T18:00:51.673Z     attempt 6 failed: fetch failed
2026-09-23T18:00:56.673Z     FAILED: fetch failed
2026-09-23T18:00:58.676Z --- orange-and-brown-with-gold-zari-accents-saree-mu2i27ha (Orange And Brown With Gold Zari Accents Saree)
2026-09-23T18:01:01.447Z     attempt 1 failed: fetch failed
2026-09-23T18:01:08.678Z     attempt 2 failed: fetch failed
2026-09-23T18:01:17.300Z     attempt 3 failed: fetch failed
2026-09-23T18:01:24.545Z     attempt 4 failed: fetch failed
2026-09-23T18:01:31.996Z     attempt 5 failed: fetch failed
2026-09-23T18:01:40.099Z     attempt 6 failed: fetch failed
2026-09-23T18:01:45.103Z     FAILED: fetch failed
2026-09-23T18:01:47.103Z --- orange-and-brown-with-silver-zari-accents-saree-mu2i2fvc (Orange And Brown With Silver Zari Accents Saree)
2026-09-23T18:01:49.760Z     attempt 1 failed: fetch failed
2026-09-23T18:01:57.599Z     attempt 2 failed: fetch failed
2026-09-23T18:02:05.256Z     attempt 3 failed: fetch failed
2026-09-23T18:02:12.321Z     attempt 4 failed: fetch failed
2026-09-23T18:02:19.473Z     attempt 5 failed: fetch failed
2026-09-23T18:02:27.650Z     attempt 6 failed: fetch failed
2026-09-23T18:02:32.650Z     FAILED: fetch failed
2026-09-23T18:02:34.651Z --- pink-and-deep-red-with-gold-zari-accents-saree-mu2i4hb3 (Pink And Deep Red With Gold Zari Accents Saree)
2026-09-23T18:02:36.869Z     attempt 1 failed: fetch failed
2026-09-23T18:02:44.461Z     attempt 2 failed: fetch failed
2026-09-23T18:02:52.256Z     attempt 3 failed: fetch failed
2026-09-23T18:02:59.407Z     attempt 4 failed: fetch failed
2026-09-23T18:03:06.384Z     attempt 5 failed: fetch failed
2026-09-23T18:03:13.756Z     attempt 6 failed: fetch failed
2026-09-23T18:03:18.758Z     FAILED: fetch failed
2026-09-23T18:03:20.758Z --- crimson-and-baby-pink-with-silver-zari-accents-saree-mu2i56x (Crimson And Baby Pink With Silver Zari Accents Saree)
2026-09-23T18:03:23.908Z     attempt 1 failed: fetch failed
2026-09-23T18:03:31.339Z     attempt 2 failed: fetch failed
2026-09-23T18:03:38.653Z     attempt 3 failed: fetch failed
2026-09-23T18:03:45.782Z     attempt 4 failed: fetch failed
2026-09-23T18:03:52.838Z     attempt 5 failed: fetch failed
2026-09-23T18:04:00.068Z     attempt 6 failed: fetch failed
2026-09-23T18:04:05.068Z     FAILED: fetch failed
2026-09-23T18:04:07.068Z --- brown-and-gold-saree-mu2i5gf1 (Brown And Gold Saree)
2026-09-23T18:04:09.879Z     attempt 1 failed: fetch failed
2026-09-23T18:04:17.343Z     attempt 2 failed: fetch failed
2026-09-23T18:04:24.543Z     attempt 3 failed: fetch failed
2026-09-23T18:04:31.520Z     attempt 4 failed: fetch failed
2026-09-23T18:04:39.447Z     attempt 5 failed: fetch failed
2026-09-23T18:04:46.524Z     attempt 6 failed: fetch failed
2026-09-23T18:04:51.525Z     FAILED: fetch failed
2026-09-23T18:04:53.528Z --- magenta-and-pink-with-gold-zari-accents-saree-mu2i72wg (Magenta And Pink With Gold Zari Accents Saree)
2026-09-23T18:04:55.727Z     attempt 1 failed: fetch failed
2026-09-23T18:05:02.978Z     attempt 2 failed: fetch failed
2026-09-23T18:05:10.178Z     attempt 3 failed: fetch failed
2026-09-23T18:05:17.174Z     attempt 4 failed: fetch failed
2026-09-23T18:05:26.255Z     attempt 5 failed: fetch failed
2026-09-23T18:05:33.289Z     attempt 6 failed: fetch failed
2026-09-23T18:05:38.291Z     FAILED: fetch failed
2026-09-23T18:05:40.294Z --- red-and-orange-with-gold-zari-accents-saree-mu2hwlka (Red And Orange With Gold Zari Accents Saree)
2026-09-23T18:05:42.495Z     attempt 1 failed: fetch failed
2026-09-23T18:05:49.475Z     attempt 2 failed: fetch failed
2026-09-23T18:05:57.536Z     attempt 3 failed: fetch failed
2026-09-23T18:06:04.357Z     attempt 4 failed: fetch failed
2026-09-23T18:06:11.423Z     attempt 5 failed: fetch failed
2026-09-23T18:06:18.385Z     attempt 6 failed: fetch failed
2026-09-23T18:06:23.386Z     FAILED: fetch failed
2026-09-23T18:06:25.386Z --- pink-and-deep-red-with-gold-zari-accents-saree-mu2hygf0 (Pink And Deep Red With Gold Zari Accents Saree)
2026-09-23T18:06:27.815Z     attempt 1 failed: fetch failed
2026-09-23T18:06:35.101Z     attempt 2 failed: fetch failed
2026-09-23T18:06:42.831Z     attempt 3 failed: fetch failed
2026-09-23T18:06:50.587Z     attempt 4 failed: fetch failed
2026-09-23T18:06:58.227Z     attempt 5 failed: fetch failed
2026-09-23T18:07:05.247Z     attempt 6 failed: fetch failed
2026-09-23T18:07:10.249Z     FAILED: fetch failed
2026-09-23T18:07:12.250Z --- yellow-and-orange-with-gold-zari-accents-saree-mu2i0js3 (Yellow And Orange With Gold Zari Accents Saree)
2026-09-23T18:07:14.494Z     attempt 1 failed: fetch failed
2026-09-23T18:07:22.072Z     attempt 2 failed: fetch failed
2026-09-23T18:07:29.414Z     attempt 3 failed: fetch failed
2026-09-23T18:07:36.692Z     attempt 4 failed: fetch failed
2026-09-23T18:07:44.427Z     attempt 5 failed: fetch failed
2026-09-23T18:07:51.784Z     attempt 6 failed: fetch failed
2026-09-23T18:07:56.784Z     FAILED: fetch failed
2026-09-23T18:07:58.785Z --- yellow-and-gold-saree-mu2i474v (Yellow And Gold Saree)
2026-09-23T18:08:00.990Z     attempt 1 failed: fetch failed
2026-09-23T18:08:09.068Z     attempt 2 failed: fetch failed
2026-09-23T18:08:16.068Z     attempt 3 failed: fetch failed
2026-09-23T18:08:23.439Z     attempt 4 failed: fetch failed
2026-09-23T18:08:30.530Z     attempt 5 failed: fetch failed
2026-09-23T18:08:38.357Z     attempt 6 failed: fetch failed
2026-09-23T18:08:43.358Z     FAILED: fetch failed
2026-09-23T18:08:45.360Z --- orange-and-gold-saree-mu2i6dct (Orange And Gold Saree)
2026-09-23T18:08:48.005Z     attempt 1 failed: fetch failed
2026-09-23T18:08:55.764Z     attempt 2 failed: fetch failed
2026-09-23T18:09:02.761Z     attempt 3 failed: fetch failed
2026-09-23T18:09:10.560Z     attempt 4 failed: fetch failed
2026-09-23T18:09:18.008Z     attempt 5 failed: fetch failed
2026-09-23T18:09:25.068Z     attempt 6 failed: fetch failed
2026-09-23T18:09:30.069Z     FAILED: fetch failed
2026-09-23T18:09:32.070Z --- crimson-with-gold-zari-accents-saree-mu2hx25l (Crimson With Gold Zari Accents Saree)
2026-09-23T18:09:34.364Z     attempt 1 failed: fetch failed
2026-09-23T18:09:41.582Z     attempt 2 failed: fetch failed
2026-09-23T18:09:48.735Z     attempt 3 failed: fetch failed
2026-09-23T18:09:56.863Z     attempt 4 failed: fetch failed
2026-09-23T18:10:04.127Z     attempt 5 failed: fetch failed
2026-09-23T18:10:11.424Z     attempt 6 failed: fetch failed
2026-09-23T18:10:16.424Z     FAILED: fetch failed
2026-09-23T18:10:18.427Z --- deep-green-and-gold-saree-mu2hyxgi (Deep Green And Gold Saree)
2026-09-23T18:10:23.952Z     attempt 1 failed: fetch failed
2026-09-23T18:10:31.457Z     attempt 2 failed: fetch failed
2026-09-23T18:10:38.740Z     attempt 3 failed: fetch failed
2026-09-23T18:10:46.500Z     attempt 4 failed: fetch failed
2026-09-23T18:10:53.569Z     attempt 5 failed: fetch failed
2026-09-23T18:11:00.624Z     attempt 6 failed: fetch failed
2026-09-23T18:11:05.624Z     FAILED: fetch failed
2026-09-23T18:11:07.625Z --- gold-and-green-saree-mu2i0sey (Gold And Green Saree)
2026-09-23T18:11:10.787Z     attempt 1 failed: fetch failed
2026-09-23T18:11:17.866Z     attempt 2 failed: fetch failed
2026-09-23T18:11:25.341Z     attempt 3 failed: fetch failed
2026-09-23T18:11:32.376Z     attempt 4 failed: fetch failed
2026-09-23T18:11:39.420Z     attempt 5 failed: fetch failed
2026-09-23T18:11:46.276Z     attempt 6 failed: fetch failed
2026-09-23T18:11:51.278Z     FAILED: fetch failed
2026-09-23T18:11:53.279Z --- pink-and-crimson-with-gold-zari-accents-saree-mu2i2oak (Pink And Crimson With Gold Zari Accents Saree)
2026-09-23T18:11:55.543Z     attempt 1 failed: fetch failed
2026-09-23T18:12:02.568Z     attempt 2 failed: fetch failed
2026-09-23T18:12:09.989Z     attempt 3 failed: fetch failed
2026-09-23T18:12:17.475Z     attempt 4 failed: fetch failed
2026-09-23T18:12:24.717Z     attempt 5 failed: fetch failed
2026-09-23T18:12:32.462Z     attempt 6 failed: fetch failed
2026-09-23T18:12:37.462Z     FAILED: fetch failed
2026-09-23T18:12:39.462Z --- pink-and-gold-saree-mu2i3ps1 (Pink And Gold Saree)
2026-09-23T18:12:42.153Z     attempt 1 failed: fetch failed
2026-09-23T18:12:49.613Z     attempt 2 failed: fetch failed
2026-09-23T18:12:57.239Z     attempt 3 failed: fetch failed
2026-09-23T18:13:05.170Z     attempt 4 failed: fetch failed
2026-09-23T18:13:12.212Z     attempt 5 failed: fetch failed
2026-09-23T18:13:19.280Z     attempt 6 failed: fetch failed
2026-09-23T18:13:24.280Z     FAILED: fetch failed
2026-09-23T18:13:26.281Z --- magenta-and-tan-with-gold-zari-accents-saree-mu2i64wo (Magenta And Tan With Gold Zari Accents Saree)
2026-09-23T18:13:29.109Z     attempt 1 failed: fetch failed
2026-09-23T18:13:36.365Z     attempt 2 failed: fetch failed
2026-09-23T18:13:43.799Z     attempt 3 failed: fetch failed
2026-09-23T18:13:51.365Z     attempt 4 failed: fetch failed
2026-09-23T18:13:58.386Z     attempt 5 failed: fetch failed
2026-09-23T18:14:06.819Z     attempt 6 failed: fetch failed
2026-09-23T18:14:11.820Z     FAILED: fetch failed
2026-09-23T18:14:13.820Z --- teal-with-gold-zari-accents-saree-mu2hxjdi (Teal With Gold Zari Accents Saree)
2026-09-23T18:14:16.608Z     attempt 1 failed: fetch failed
2026-09-23T18:14:24.009Z     attempt 2 failed: fetch failed
2026-09-23T18:14:31.395Z     attempt 3 failed: fetch failed
2026-09-23T18:14:38.618Z     attempt 4 failed: fetch failed
2026-09-23T18:14:46.280Z     attempt 5 failed: fetch failed
2026-09-23T18:14:53.527Z     attempt 6 failed: fetch failed
2026-09-23T18:14:58.527Z     FAILED: fetch failed
2026-09-23T18:15:00.531Z --- crimson-and-tan-with-gold-zari-accents-saree-mu2hzmb6 (Crimson And Tan With Gold Zari Accents Saree)
2026-09-23T18:15:04.844Z     attempt 1 failed: fetch failed
2026-09-23T18:15:13.334Z     attempt 2 failed: fetch failed
2026-09-23T18:15:20.348Z     attempt 3 failed: fetch failed
2026-09-23T18:15:27.792Z     attempt 4 failed: fetch failed
2026-09-23T18:15:35.163Z     attempt 5 failed: fetch failed
2026-09-23T18:15:42.170Z     attempt 6 failed: fetch failed
2026-09-23T18:15:47.171Z     FAILED: fetch failed
2026-09-23T18:15:49.171Z --- orange-and-gold-saree-mu2i1ib3 (Orange And Gold Saree)
2026-09-23T18:15:52.723Z     attempt 1 failed: fetch failed
2026-09-23T18:15:59.848Z     attempt 2 failed: fetch failed
2026-09-23T18:16:07.837Z     attempt 3 failed: fetch failed
2026-09-23T18:16:15.193Z     attempt 4 failed: fetch failed
2026-09-23T18:16:23.040Z     attempt 5 failed: fetch failed
2026-09-23T18:16:30.080Z     attempt 6 failed: fetch failed
2026-09-23T18:16:35.083Z     FAILED: fetch failed
2026-09-23T18:16:37.086Z --- crimson-and-brown-with-gold-zari-accents-saree-mu2i373t (Crimson And Brown With Gold Zari Accents Saree)
2026-09-23T18:16:39.797Z     attempt 1 failed: fetch failed
2026-09-23T18:16:46.908Z     attempt 2 failed: fetch failed
2026-09-23T18:16:54.601Z     attempt 3 failed: fetch failed
2026-09-23T18:17:01.541Z     attempt 4 failed: fetch failed
2026-09-23T18:17:08.531Z     attempt 5 failed: fetch failed
2026-09-23T18:17:16.216Z     attempt 6 failed: fetch failed
2026-09-23T18:17:21.216Z     FAILED: fetch failed
2026-09-23T18:17:23.216Z --- magenta-with-gold-zari-accents-saree-mu2i3flx (Magenta With Gold Zari Accents Saree)
2026-09-23T18:17:25.597Z     attempt 1 failed: fetch failed
2026-09-23T18:17:32.808Z     attempt 2 failed: fetch failed
2026-09-23T18:17:40.542Z     attempt 3 failed: fetch failed
2026-09-23T18:17:47.861Z     attempt 4 failed: fetch failed
2026-09-23T18:17:55.157Z     attempt 5 failed: fetch failed
2026-09-23T18:18:02.972Z     attempt 6 failed: fetch failed
2026-09-23T18:18:07.977Z     FAILED: fetch failed
2026-09-23T18:18:09.982Z --- orange-with-gold-zari-accents-saree-mu2hy02n (Orange With Gold Zari Accents Saree)
2026-09-23T18:18:13.295Z     attempt 1 failed: fetch failed
2026-09-23T18:18:20.710Z     attempt 2 failed: fetch failed
2026-09-23T18:18:27.864Z     attempt 3 failed: fetch failed
2026-09-23T18:18:35.145Z     attempt 4 failed: fetch failed
2026-09-23T18:18:42.513Z     attempt 5 failed: fetch failed
2026-09-23T18:18:49.573Z     attempt 6 failed: fetch failed
2026-09-23T18:18:54.573Z     FAILED: fetch failed
2026-09-23T18:18:56.574Z --- crimson-and-orange-with-gold-zari-accents-saree-mu2hzuev (Crimson And Orange With Gold Zari Accents Saree)
2026-09-23T18:18:59.378Z     attempt 1 failed: fetch failed
2026-09-23T18:19:07.072Z     attempt 2 failed: fetch failed
2026-09-23T18:19:14.771Z     attempt 3 failed: fetch failed
2026-09-23T18:19:21.813Z     attempt 4 failed: fetch failed
2026-09-23T18:19:28.991Z     attempt 5 failed: fetch failed
2026-09-23T18:19:36.199Z     attempt 6 failed: fetch failed
2026-09-23T18:19:41.200Z     FAILED: fetch failed
2026-09-23T18:19:43.201Z --- pink-and-gold-saree-mu2i19u6 (Pink And Gold Saree)
2026-09-23T18:19:46.930Z     attempt 1 failed: fetch failed
2026-09-23T18:19:53.949Z     attempt 2 failed: fetch failed
2026-09-23T18:20:01.668Z     attempt 3 failed: fetch failed
2026-09-23T18:20:09.753Z     attempt 4 failed: fetch failed
2026-09-23T18:20:17.214Z     attempt 5 failed: fetch failed
2026-09-23T18:20:24.264Z     attempt 6 failed: fetch failed
2026-09-23T18:20:29.264Z     FAILED: fetch failed
2026-09-23T18:20:31.265Z --- silver-saree-mu2i5oti (Silver Saree)
2026-09-23T18:20:33.941Z     attempt 1 failed: fetch failed
2026-09-23T18:20:41.117Z     attempt 2 failed: fetch failed
2026-09-23T18:20:48.307Z     attempt 3 failed: fetch failed
2026-09-23T18:20:55.828Z     attempt 4 failed: fetch failed
2026-09-23T18:21:04.244Z     attempt 5 failed: fetch failed
2026-09-23T18:21:11.897Z     attempt 6 failed: fetch failed
2026-09-23T18:21:16.899Z     FAILED: fetch failed
2026-09-23T18:21:18.919Z === batch end: 0 complete / 0 partial / 99 failed ===
